date,close,adj_close
1999-11-12,144.4,60.9149
1999-11-19,151.6,63.9523
1999-11-26,155.4,65.5553
1999-12-03,158.3,66.7786
1999-12-10,159.8,67.4114
1999-12-17,167.56,70.685
1999-12-23,180.4,76.1015
1999-12-31,182.8,77.1139
2000-01-07,180.0,75.9328
2000-01-14,186.8,78.8013
2000-01-21,192.5,81.2059
2000-01-28,172.0,72.558
2000-02-04,194.3,81.9652
2000-02-11,199.8,84.2854
2000-02-18,196.9,83.062
2000-02-25,208.1,87.7867
2000-03-03,222.1,93.6926
2000-03-10,229.0,96.6033
2000-03-17,221.6,93.4817
2000-03-24,117.56,99.185
2000-03-31,109.5,92.3848
2000-04-07,106.6,89.9381
2000-04-14,80.38,67.8164
2000-04-20,87.25,73.6126
2000-04-28,94.75,79.9403
2000-05-05,91.44,77.1477
2000-05-12,84.63,71.4021
2000-05-19,81.69,68.9216
2000-05-26,77.75,65.5975
2000-06-02,93.63,78.9954
2000-06-09,93.75,79.0966
2000-06-16,94.25,79.5185
2000-06-23,91.5,77.1983
2000-06-30,93.44,78.8351
2000-07-07,95.94,80.9443
2000-07-14,100.6,84.8759
2000-07-21,97.0,81.8386
2000-07-28,86.88,73.3004
2000-08-04,90.13,76.0424
2000-08-11,91.06,76.8271
2000-08-18,95.25,80.3622
2000-08-25,98.03,82.7076
2000-09-01,102.6,86.5633
2000-09-08,95.13,80.2609
2000-09-15,91.25,76.9874
2000-09-22,92.94,78.4132
2000-09-29,88.75,74.8781
2000-10-06,83.0,70.0269
2000-10-13,81.25,68.5504
2000-10-20,86.31,72.8195
2000-10-27,79.72,67.2595
2000-11-03,83.06,70.0775
2000-11-10,71.75,60.5353
2000-11-17,72.83,61.4465
2000-11-24,70.44,59.43
2000-12-01,64.0,53.9966
2000-12-08,68.0,57.3714
2000-12-15,63.88,53.8954
2000-12-22,60.5,51.0437
2000-12-29,58.38,49.255
2001-01-05,56.63,47.7786
2001-01-12,62.73,52.9251
2001-01-19,66.31,55.9456
2001-01-26,65.55,55.3044
2001-02-02,61.55,51.9296
2001-02-09,56.4,47.5845
2001-02-16,55.13,46.513
2001-02-23,51.18,43.1804
2001-03-02,46.7,39.4007
2001-03-09,45.1,38.0507
2001-03-16,41.2,34.7603
2001-03-23,42.8,36.1102
2001-03-30,39.15,33.0307
2001-04-06,36.3,30.6262
2001-04-12,42.8,36.1102
2001-04-20,48.4,40.8349
2001-04-27,45.15,38.0929
2001-05-04,48.2,40.6662
2001-05-11,45.55,38.4304
2001-05-18,48.04,40.5312
2001-05-25,48.99,41.3327
2001-06-01,46.05,38.8523
2001-06-08,47.35,39.9491
2001-06-15,42.6,35.9415
2001-06-22,43.25,36.4899
2001-06-29,45.7,38.557
2001-07-06,41.65,35.14
2001-07-13,43.15,36.4055
2001-07-20,41.65,35.14
2001-07-27,41.95,35.3931
2001-08-03,43.18,36.4308
2001-08-10,40.28,33.9841
2001-08-17,37.76,31.858
2001-08-24,39.3,33.1573
2001-08-31,36.17,30.5165
2001-09-07,33.7,28.4326
2001-09-10,34.1,28.7701
2001-09-21,28.19,23.7838
2001-09-28,28.98,24.4503
2001-10-05,31.76,26.7958
2001-10-12,34.55,29.1497
2001-10-19,33.55,28.306
2001-10-26,36.01,30.3815
2001-11-02,35.6,30.0356
2001-11-09,37.73,31.8327
2001-11-16,39.37,33.2164
2001-11-23,39.28,33.1404
2001-11-30,39.65,33.4526
2001-12-07,41.73,35.2075
2001-12-14,40.11,33.8407
2001-12-21,39.48,33.3092
2001-12-28,40.33,34.0263
2002-01-04,41.67,35.1569
2002-01-11,40.85,34.465
2002-01-18,38.59,32.5583
2002-01-25,38.83,32.7608
2002-02-01,38.14,32.1786
2002-02-08,36.17,30.5165
2002-02-15,35.78,30.1875
2002-02-22,33.65,28.3904
2002-03-01,35.74,30.1537
2002-03-08,38.67,32.6258
2002-03-15,37.23,31.4108
2002-03-22,36.68,30.9468
2002-03-28,36.06,30.4237
2002-04-05,34.37,28.9979
2002-04-12,33.52,28.2807
2002-04-19,34.46,29.0738
2002-04-26,31.04,26.1884
2002-05-03,29.74,25.0916
2002-05-10,29.56,24.9397
2002-05-17,32.93,27.783
2002-05-24,31.24,26.3571
2002-05-31,30.04,25.3447
2002-06-07,28.3,23.8766
2002-06-14,27.62,23.3029
2002-06-21,25.82,21.7843
2002-06-28,26.1,22.0205
2002-07-05,26.34,22.223
2002-07-12,24.8,20.9237
2002-07-19,23.99,20.2403
2002-07-26,22.67,19.1266
2002-08-02,22.25,18.7723
2002-08-09,23.33,19.6835
2002-08-16,24.7,20.8393
2002-08-23,25.15,21.219
2002-08-30,23.49,19.8184
2002-09-06,22.85,19.2785
2002-09-13,22.99,19.3966
2002-09-20,21.67,18.2829
2002-09-27,21.31,17.9792
2002-10-04,20.35,17.1692
2002-10-11,22.22,18.747
2002-10-18,23.81,20.0884
2002-10-25,24.7,20.8393
2002-11-01,25.25,21.3034
2002-11-08,25.07,21.1515
2002-11-15,26.44,22.3074
2002-11-22,27.72,23.3873
2002-11-29,27.72,23.3873
2002-12-06,26.47,22.3327
2002-12-13,25.04,21.1262
2002-12-20,25.32,21.3624
2002-12-27,24.82,20.9406
2003-01-03,25.68,21.6661
2003-01-10,27.1,22.8642
2003-01-17,25.31,21.354
2003-01-24,24.82,20.9406
2003-01-31,24.44,20.62
2003-02-07,23.81,20.0884
2003-02-14,24.49,20.6621
2003-02-21,25.17,21.2359
2003-02-28,25.16,21.2274
2003-03-07,24.54,20.7043
2003-03-14,25.72,21.6999
2003-03-21,27.17,22.9233
2003-03-28,26.08,22.0036
2003-04-04,26.05,21.9783
2003-04-11,25.51,21.5227
2003-04-17,26.82,22.628
2003-04-25,26.95,22.7376
2003-05-02,28.28,23.8598
2003-05-09,28.41,23.9694
2003-05-16,28.7,24.2141
2003-05-23,28.1,23.7079
2003-05-30,29.79,25.1337
2003-06-06,30.13,25.4206
2003-06-13,29.96,25.2772
2003-06-20,30.38,25.6315
2003-06-27,29.83,25.1675
2003-07-03,30.58,25.8003
2003-07-11,31.84,26.8633
2003-07-18,31.28,26.3908
2003-07-25,31.8,26.8296
2003-08-01,31.46,26.5427
2003-08-08,30.07,25.37
2003-08-15,31.17,26.298
2003-08-22,32.44,27.3695
2003-08-29,33.39,28.1711
2003-09-05,33.94,28.6351
2003-09-12,33.82,28.5338
2003-09-19,34.58,29.1751
2003-09-26,32.58,27.4877
2003-10-03,34.19,28.846
2003-10-10,35.01,29.5378
2003-10-17,34.61,29.2004
2003-10-24,34.2,28.8544
2003-10-31,35.18,29.6813
2003-11-07,35.63,30.0609
2003-11-14,35.04,29.5632
2003-11-21,34.23,28.8798
2003-11-28,35.38,29.85
2003-12-05,35.04,29.5632
2003-12-12,35.24,29.7319
2003-12-19,35.46,29.9175
2003-12-26,35.85,30.258
2004-01-02,36.36,30.6884
2004-01-09,37.73,31.8447
2004-01-16,38.57,32.5537
2004-01-23,38.01,32.0811
2004-01-30,37.07,31.2877
2004-02-06,37.13,31.3383
2004-02-13,36.94,31.178
2004-02-20,36.86,31.1104
2004-02-27,36.57,30.8657
2004-03-05,36.63,30.9163
2004-03-12,35.51,29.971
2004-03-19,34.75,29.3296
2004-03-26,35.22,29.7263
2004-04-02,37.1,31.313
2004-04-08,36.94,31.178
2004-04-16,36.09,30.4606
2004-04-23,37.21,31.4058
2004-04-30,34.77,29.3464
2004-05-07,34.97,29.5153
2004-05-14,34.75,29.3296
2004-05-21,35.02,29.5575
2004-05-28,36.55,30.8488
2004-06-04,36.19,30.545
2004-06-10,36.84,31.0936
2004-06-18,36.44,30.756
2004-06-25,37.33,31.5071
2004-07-02,36.82,31.0767
2004-07-09,35.75,30.1736
2004-07-16,34.67,29.262
2004-07-23,34.21,28.8738
2004-07-30,34.89,29.4477
2004-08-06,32.72,27.6162
2004-08-13,32.52,27.4474
2004-08-20,34.01,28.705
2004-08-27,34.56,29.1692
2004-09-03,34.14,28.8147
2004-09-10,35.12,29.6419
2004-09-17,35.43,29.9035
2004-09-24,34.8,29.3718
2004-10-01,36.1,30.469
2004-10-08,35.58,30.0301
2004-10-15,35.63,30.0723
2004-10-22,35.8,30.2158
2004-10-29,36.9,31.1442
2004-11-05,37.96,32.0389
2004-11-12,38.66,32.6297
2004-11-19,38.68,32.6466
2004-11-26,39.21,33.0939
2004-12-03,40.13,33.8704
2004-12-10,39.93,33.7016
2004-12-17,39.475,33.6371
2004-12-23,39.758,33.8782
2004-12-31,39.915,34.012
2005-01-07,38.55,32.8489
2005-01-14,38.43,32.7466
2005-01-21,37.05,31.5707
2005-01-28,36.92,31.4599
2005-02-04,37.75,32.1672
2005-02-11,37.7,32.1246
2005-02-18,37.35,31.8263
2005-02-25,37.62,32.0564
2005-03-04,37.52,31.9712
2005-03-11,37.17,31.673
2005-03-18,36.51,31.1106
2005-03-24,36.27,30.9061
2005-04-01,36.2,30.8464
2005-04-08,36.64,31.2213
2005-04-15,34.74,29.6023
2005-04-22,35.09,29.9006
2005-04-29,34.98,29.8068
2005-05-06,35.857,30.5541
2005-05-13,36.24,30.8805
2005-05-20,37.66,32.0905
2005-05-27,38.21,32.5592
2005-06-03,38.1,32.4654
2005-06-10,37.547,31.9942
2005-06-17,37.87,32.2991
2005-06-24,36.97,31.5315
2005-07-01,36.725,31.3225
2005-07-08,37.77,32.2138
2005-07-15,38.89,33.169
2005-07-22,39.42,33.621
2005-07-29,39.575,33.7532
2005-08-05,39.48,33.6722
2005-08-12,39.21,33.4419
2005-08-19,38.82,33.1093
2005-08-26,38.4599,32.8022
2005-09-02,38.77,33.0667
2005-09-09,39.619,33.7908
2005-09-16,39.4,33.604
2005-09-23,38.75,33.0496
2005-09-30,39.46,33.6552
2005-10-07,38.34,32.6999
2005-10-14,38.06,32.4611
2005-10-21,38.55,32.879
2005-10-28,38.322,32.6846
2005-11-04,40.08,34.1839
2005-11-11,40.71,34.7213
2005-11-18,41.45,35.3524
2005-11-25,41.89,35.7277
2005-12-02,42.107,35.9128
2005-12-09,41.715,35.5784
2005-12-16,41.58,35.5495
2005-12-23,41.403,35.3982
2005-12-30,40.412,34.5509
2006-01-06,42.68,36.49
2006-01-13,42.98,36.7465
2006-01-20,41.25,35.2674
2006-01-27,42.11,36.0026
2006-02-03,40.92,34.9852
2006-02-10,40.96,35.0194
2006-02-17,41.21,35.2332
2006-02-24,41.26,35.2759
2006-03-03,41.45,35.4384
2006-03-10,40.56,34.6775
2006-03-17,41.45,35.4633
2006-03-24,41.3,35.3349
2006-03-31,41.93,35.8739
2006-04-07,42.32,36.2076
2006-04-13,42.1,36.0194
2006-04-21,42.0,35.9338
2006-04-28,41.85,35.8055
2006-05-05,42.16,36.0707
2006-05-12,40.19,34.3852
2006-05-19,39.35,33.6666
2006-05-26,39.49,33.7863
2006-06-02,39.642,33.9164
2006-06-09,38.3,32.7682
2006-06-16,38.34,32.8244
2006-06-23,38.15,32.6618
2006-06-30,38.77,33.1926
2006-07-07,37.69,32.2679
2006-07-14,35.94,30.7697
2006-07-21,35.7,30.5642
2006-07-28,37.11,31.7714
2006-08-04,36.95,31.6344
2006-08-11,36.53,31.2748
2006-08-18,38.79,33.2097
2006-08-25,38.32,32.8073
2006-09-01,39.08,33.458
2006-09-08,38.72,33.1498
2006-09-15,40.11,34.3598
2006-09-22,39.87,34.1542
2006-09-29,40.65,34.8224
2006-10-06,41.41,35.4735
2006-10-13,42.43,36.3472
2006-10-20,42.0,35.9789
2006-10-27,42.21,36.1588
2006-11-03,41.93,35.9189
2006-11-10,43.03,36.8612
2006-11-17,44.3,37.9491
2006-11-24,44.65,38.249
2006-12-01,43.66,37.4009
2006-12-08,43.9,37.6065
2006-12-15,44.43,38.1072
2006-12-22,42.93,36.8207
2006-12-29,43.16,37.0179
2007-01-05,43.85,37.6097
2007-01-12,45.31,38.862
2007-01-19,44.17,37.8842
2007-01-26,43.57,37.3696
2007-02-02,44.16,37.8756
2007-02-09,43.84,37.6012
2007-02-16,44.71,38.3473
2007-02-23,45.26,38.8191
2007-03-02,42.48,36.4347
2007-03-09,42.93,36.8207
2007-03-16,42.83,36.7578
2007-03-23,44.12,37.8649
2007-03-30,43.53,37.3585
2007-04-05,44.56,38.2425
2007-04-13,44.65,38.3198
2007-04-20,45.4,38.9634
2007-04-27,46.57,39.9675
2007-05-04,46.63,40.019
2007-05-11,46.78,40.1478
2007-05-18,46.71,40.0877
2007-05-25,46.45,39.8646
2007-06-01,47.44,40.7142
2007-06-08,46.91,40.2593
2007-06-15,47.73,40.9948
2007-06-22,47.29,40.6169
2007-06-29,47.6,40.8831
2007-07-06,48.86,41.9653
2007-07-13,49.9,42.8586
2007-07-20,50.05,42.9874
2007-07-27,47.99,41.2181
2007-08-03,47.42,40.7285
2007-08-10,47.28,40.6083
2007-08-17,46.31,39.7752
2007-08-24,48.2,41.3985
2007-08-31,48.87,41.9739
2007-09-07,48.23,41.4242
2007-09-14,49.22,42.2745
2007-09-21,50.36,43.276
2007-09-28,51.41,44.1783
2007-10-05,52.818,45.3882
2007-10-12,53.53,46.0001
2007-10-19,52.44,45.0634
2007-10-26,53.93,46.3438
2007-11-02,54.42,46.7649
2007-11-09,50.0,42.9666
2007-11-16,50.28,43.2072
2007-11-23,49.84,42.8291
2007-11-30,51.31,44.0924
2007-12-07,52.33,44.9689
2007-12-14,50.97,43.8002
2007-12-21,51.85,44.6022
2007-12-28,51.86,44.6108
2008-01-04,48.4,41.6345
2008-01-11,47.05,40.4732
2008-01-18,45.35,39.0108
2008-01-25,43.99,37.8409
2008-02-01,45.5899,39.2172
2008-02-08,43.6,37.5054
2008-02-15,43.82,37.6947
2008-02-22,43.68,37.5742
2008-02-29,42.95,36.9463
2008-03-07,42.07,36.1893
2008-03-14,42.25,36.3441
2008-03-20,43.09,37.0947
2008-03-28,43.49,37.439
2008-04-04,45.86,39.4793
2008-04-11,44.28,38.1191
2008-04-18,46.71,40.211
2008-04-25,47.15,40.5898
2008-05-02,48.77,41.9844
2008-05-09,48.21,41.5023
2008-05-16,50.0099,43.0518
2008-05-23,48.2,41.4937
2008-05-30,50.01,43.0519
2008-06-06,49.03,42.2082
2008-06-13,48.37,41.6401
2008-06-20,47.42,40.8519
2008-06-27,45.65,39.327
2008-07-03,44.63,38.4483
2008-07-11,44.56,38.388
2008-07-18,44.59,38.4138
2008-07-25,45.27,38.9997
2008-08-01,44.88,38.6637
2008-08-08,47.32,40.7657
2008-08-15,48.16,41.4894
2008-08-22,47.49,40.9122
2008-08-29,46.12,39.7319
2008-09-05,43.45,37.4317
2008-09-12,43.43,37.4145
2008-09-19,42.9,36.9821
2008-09-26,41.08,35.4132
2008-10-03,36.18,31.1891
2008-10-10,31.32,26.9995
2008-10-17,32.3,27.8443
2008-10-24,29.51,25.4392
2008-10-31,32.89,28.3529
2008-11-07,31.19,26.8875
2008-11-14,28.98,24.9823
2008-11-21,26.67,22.991
2008-11-28,29.12,25.103
2008-12-05,28.94,24.9478
2008-12-12,29.68,25.5858
2008-12-19,29.86,25.7784
2008-12-26,29.13,25.1482
2009-01-02,31.03,26.7885
2009-01-09,30.07,25.9597
2009-01-16,29.42,25.3985
2009-01-23,28.9,24.9496
2009-01-30,29.06,25.0877
2009-02-06,31.37,27.082
2009-02-13,30.43,26.2705
2009-02-20,28.87,24.9237
2009-02-27,27.53,23.7669
2009-03-06,26.3,22.705
2009-03-13,28.74,24.8115
2009-03-20,29.18,25.2335
2009-03-27,30.82,26.6517
2009-04-03,32.35,27.9748
2009-04-09,32.94,28.485
2009-04-17,33.31,28.805
2009-04-24,33.69,29.1336
2009-05-01,34.37,29.7216
2009-05-08,34.23,29.6005
2009-05-15,33.37,28.8569
2009-05-22,33.54,29.0039
2009-05-29,35.38,30.595
2009-06-05,36.78,31.8057
2009-06-12,36.65,31.6933
2009-06-19,36.16,31.3075
2009-06-26,36.37,31.4893
2009-07-02,35.6,30.8227
2009-07-10,34.92,30.2339
2009-07-17,37.56,32.5197
2009-07-24,39.05,33.8097
2009-07-31,39.45,34.156
2009-08-07,39.88,34.5283
2009-08-14,39.63,34.3119
2009-08-21,40.29,34.8833
2009-08-28,40.44,35.0132
2009-09-04,40.36,34.9439
2009-09-11,41.52,35.9482
2009-09-18,42.44,36.7801
2009-09-25,41.7,36.1388
2009-10-02,40.88,35.4281
2009-10-09,42.48,36.8147
2009-10-16,42.78,37.0747
2009-10-23,43.13,37.3781
2009-10-30,40.96,35.4974
2009-11-06,42.6,36.9187
2009-11-13,44.01,38.1407
2009-11-20,43.44,37.6467
2009-11-27,43.51,37.7074
2009-12-04,44.12,38.236
2009-12-11,44.13,38.2447
2009-12-18,44.46,38.5979
2009-12-24,45.98,39.9175
2009-12-31,45.75,39.7178
2010-01-08,46.55,40.4124
2010-01-15,45.85,39.8047
2010-01-22,44.16,38.3375
2010-01-29,42.79,37.1481
2010-02-05,42.98,37.3131
2010-02-12,43.76,37.9902
2010-02-19,44.83,38.9191
2010-02-26,44.76,38.8584
2010-03-05,46.44,40.3169
2010-03-12,47.36,41.1156
2010-03-19,47.49,41.2731
2010-03-26,48.0,41.7163
2010-04-01,48.16,41.8554
2010-04-09,49.03,42.6115
2010-04-16,49.53,43.046
2010-04-23,50.52,43.9064
2010-04-30,49.2375,42.7918
2010-05-07,45.41,39.4654
2010-05-14,46.93,40.7864
2010-05-21,44.84,38.97
2010-05-28,45.6,39.6305
2010-06-04,45.0925,39.1895
2010-06-11,45.5,39.5436
2010-06-18,47.0,40.9249
2010-06-25,45.27,39.4185
2010-07-02,42.47,36.9804
2010-07-09,44.62,38.8525
2010-07-16,44.34,38.6087
2010-07-23,46.06,40.1064
2010-07-30,45.81,39.8887
2010-08-06,46.76,40.7159
2010-08-13,44.72,38.9396
2010-08-20,44.92,39.1137
2010-08-27,44.07,38.3736
2010-09-03,46.01,40.0628
2010-09-10,46.6,40.5766
2010-09-17,47.995,41.8884
2010-09-24,49.66,43.3415
2010-10-01,49.01,42.7742
2010-10-08,49.75,43.4201
2010-10-15,51.49,44.9387
2010-10-22,51.64,45.0696
2010-10-29,52.18,45.5409
2010-11-05,53.67,46.8413
2010-11-12,52.51,45.8289
2010-11-19,52.47,45.794
2010-11-26,52.77,46.0558
2010-12-03,53.87,47.0159
2010-12-10,54.495,47.5613
2010-12-17,54.52,47.6777
2010-12-23,54.742,47.8718
2010-12-31,54.46,47.6252
2011-01-07,55.87,48.8583
2011-01-14,57.0,49.8465
2011-01-21,55.68,48.6921
2011-01-28,55.73,48.7358
2011-02-04,57.375,50.1744
2011-02-11,58.44,51.1057
2011-02-18,58.73,51.3593
2011-02-25,57.65,50.4149
2011-03-04,57.9675,50.6925
2011-03-11,56.49,49.4005
2011-03-18,54.45,47.6837
2011-03-25,56.84,49.7767
2011-04-01,57.46,50.3197
2011-04-08,56.95,49.873
2011-04-15,56.65,49.6103
2011-04-21,58.34,51.0903
2011-04-29,59.08,51.7384
2011-05-06,58.47,51.2042
2011-05-13,58.41,51.1516
2011-05-20,57.765,50.5868
2011-05-27,57.43,50.2934
2011-06-03,56.35,49.3476
2011-06-10,54.64,47.8501
2011-06-17,53.79,47.2115
2011-06-24,54.38,47.7294
2011-07-01,57.91,50.8276
2011-07-08,59.03,51.8107
2011-07-15,57.85,50.775
2011-07-22,59.6,52.3109
2011-07-29,58.0,50.9066
2011-08-05,53.83,47.2466
2011-08-12,53.57,47.0184
2011-08-19,50.03,43.9114
2011-08-26,53.13,46.6322
2011-09-02,53.28,46.7639
2011-09-09,53.18,46.6761
2011-09-16,56.59,49.7606
2011-09-23,54.15,47.6151
2011-09-30,52.49,46.1554
2011-10-07,54.07,47.5448
2011-10-14,58.18,51.1588
2011-10-21,57.3,50.385
2011-10-28,58.94,51.827
2011-11-04,57.8,50.8246
2011-11-11,57.85,50.8686
2011-11-18,55.4,48.7143
2011-11-25,52.88,46.4984
2011-12-02,56.62,49.787
2011-12-09,57.02,50.1388
2011-12-16,54.86,48.3806
2011-12-23,56.08,49.4565
2011-12-30,55.83,49.236
2012-01-06,57.81,50.9822
2012-01-13,58.18,51.3085
2012-01-20,59.77,52.7107
2012-01-27,60.4,53.2663
2012-02-03,62.05,54.7214
2012-02-10,62.475,55.0962
2012-02-17,63.43,55.9384
2012-02-24,63.96,56.4058
2012-03-02,64.87,57.2083
2012-03-09,65.02,57.3406
2012-03-16,66.52,58.7629
2012-03-23,66.939,59.1331
2012-03-30,67.55,59.6728
2012-04-05,67.72,59.823
2012-04-13,66.19,58.4714
2012-04-20,65.68,58.0209
2012-04-27,67.24,59.399
2012-05-04,64.7,57.1552
2012-05-11,64.18,56.6958
2012-05-18,60.81,53.7188
2012-05-25,62.07,54.8319
2012-06-01,60.409,53.3646
2012-06-08,62.87,55.5386
2012-06-15,62.99,55.771
2012-06-22,63.35,56.0897
2012-06-29,64.16,56.8069
2012-07-06,64.12,56.7715
2012-07-13,63.38,56.1163
2012-07-20,64.235,56.8733
2012-07-27,64.87,57.4355
2012-08-03,65.6,58.0819
2012-08-10,66.86,59.1975
2012-08-17,68.32,60.4902
2012-08-24,68.29,60.4636
2012-08-31,68.16,60.3485
2012-09-07,69.43,61.4729
2012-09-14,70.18,62.137
2012-09-21,70.15,62.2877
2012-09-28,68.57,60.8848
2012-10-05,68.98,61.2488
2012-10-12,66.68,59.2066
2012-10-19,65.68,58.3187
2012-10-26,65.35,58.0257
2012-11-02,65.17,57.8658
2012-11-09,63.43,56.3209
2012-11-16,62.3,55.3175
2012-11-23,64.9,57.6261
2012-11-30,65.8,58.4252
2012-12-07,64.93,57.6527
2012-12-14,64.69,57.4396
2012-12-21,65.2,58.218
2012-12-28,63.78,56.9501
2013-01-04,66.63,59.4949
2013-01-11,67.26,60.0574
2013-01-18,67.07,59.8878
2013-01-25,67.0,59.8253
2013-02-01,67.66,60.4146
2013-02-08,67.99,60.7092
2013-02-15,67.75,60.4949
2013-02-22,67.139,59.9494
2013-03-01,67.38,60.1646
2013-03-08,68.77,61.4057
2013-03-15,68.51,61.3158
2013-03-22,68.59,61.3874
2013-03-28,68.97,61.7275
2013-04-05,67.861,60.735
2013-04-12,69.94,62.5957
2013-04-19,68.09,60.9399
2013-04-26,69.57,62.2645
2013-05-03,72.12,64.5467
2013-05-10,73.05,65.3791
2013-05-17,74.3,66.4978
2013-05-24,73.41,65.7013
2013-05-31,73.25,65.5581
2013-06-07,73.39,65.6834
2013-06-14,72.28,64.6899
2013-06-21,70.43,63.2343
2013-06-28,71.27,63.9885
2013-07-05,72.58,65.1647
2013-07-12,75.3,67.6068
2013-07-19,74.59,66.9693
2013-07-26,75.37,67.6696
2013-08-02,76.97,69.1061
2013-08-09,76.49,68.6752
2013-08-16,75.485,67.7729
2013-08-23,76.67,68.8368
2013-08-30,75.47,67.7594
2013-09-06,76.93,69.0702
2013-09-13,78.06,70.0848
2013-09-20,78.985,71.1287
2013-09-27,79.07,71.2052
2013-10-04,79.4,71.5024
2013-10-11,79.21,71.3313
2013-10-18,82.14,73.9699
2013-10-25,82.9,74.6543
2013-11-01,82.78,74.5462
2013-11-08,82.56,74.3481
2013-11-15,83.96,75.6089
2013-11-22,83.99,75.6359
2013-11-29,85.73,77.2028
2013-12-06,86.0,77.446
2013-12-13,84.85,76.4103
2013-12-20,86.5,78.1415
2013-12-27,87.52,79.063
2014-01-03,86.64,78.268
2014-01-10,87.3,78.8642
2014-01-17,87.88,79.3882
2014-01-24,86.74,78.3583
2014-01-31,86.27,77.9338
2014-02-07,87.3,78.8642
2014-02-14,89.81,81.1317
2014-02-21,89.93,81.2401
2014-02-28,90.34,81.9472
2014-03-07,90.53,82.1195
2014-03-14,88.67,80.4323
2014-03-21,89.0,80.9186
2014-03-28,87.05,79.1456
2014-04-04,86.37,78.5274
2014-04-11,84.11,76.4726
2014-04-17,86.2,78.3728
2014-04-25,86.19,78.3637
2014-05-02,87.49,79.5457
2014-05-09,86.8,78.9183
2014-05-16,87.71,79.7457
2014-05-23,89.88,81.7187
2014-05-30,91.31,83.0188
2014-06-06,92.82,84.3917
2014-06-13,92.32,83.9371
2014-06-20,92.77,84.5727
2014-06-27,93.75,85.4661
2014-07-03,95.7,87.2438
2014-07-11,95.27,86.8518
2014-07-18,96.12,87.6267
2014-07-25,96.74,88.1919
2014-08-01,94.67,86.3049
2014-08-08,94.9,86.5145
2014-08-15,97.4,88.7936
2014-08-22,99.05,90.2978
2014-08-29,99.78,90.9633
2014-09-05,99.89,91.0636
2014-09-12,99.48,90.6898
2014-09-19,99.98,91.3624
2014-09-26,98.78,90.2659
2014-10-03,98.17,89.7085
2014-10-10,94.44,86.3
2014-10-17,93.0,84.9841
2014-10-24,98.62,90.1197
2014-10-31,101.4,92.66
2014-11-07,101.6,92.8428
2014-11-14,103.22,94.3232
2014-11-21,103.87,94.9172
2014-11-28,106.01,96.8727
2014-12-05,105.38,96.297
2014-12-12,102.67,93.8206
2014-12-19,104.32,95.6818
2014-12-26,105.04,96.3422
2015-01-02,102.94,94.4161
2015-01-09,102.62,94.1226
2015-01-16,100.82,92.4717
2015-01-23,104.26,95.6268
2015-01-30,101.1,92.7285
2015-02-06,103.13,94.5904
2015-02-13,106.91,98.0574
2015-02-20,108.41,99.4332
2015-02-27,108.4,99.424
2015-03-06,107.41,98.516
2015-03-13,105.34,96.6174
2015-03-20,108.53,99.7707
2015-03-27,105.52,97.0037
2015-04-02,105.12,96.636
2015-04-10,107.75,99.0537
2015-04-17,106.01,97.4541
2015-04-24,110.54,101.6185
2015-05-01,109.05,100.2488
2015-05-08,108.69,99.9178
2015-05-15,109.58,100.736
2015-05-22,110.47,101.5542
2015-05-29,110.05,101.1681
2015-06-05,109.3,100.4786
2015-06-12,108.75,99.973
2015-06-19,109.89,101.2546
2015-06-26,109.27,100.6834
2015-07-02,107.95,99.4671
2015-07-10,107.65,99.1907
2015-07-17,113.59,104.6639
2015-07-24,111.1,102.3695
2015-07-31,111.95,103.1528
2015-08-07,110.31,101.6416
2015-08-14,110.51,101.8259
2015-08-21,102.4,94.3532
2015-08-28,105.62,97.3202
2015-09-04,102.16,94.1321
2015-09-11,105.57,97.2741
2015-09-18,105.35,97.311
2015-09-25,102.92,95.0664
2015-10-02,104.01,96.0732
2015-10-09,106.53,98.4009
2015-10-16,108.12,99.8696
2015-10-23,112.78,104.174
2015-10-30,113.33,104.682
2015-11-06,114.79,106.0306
2015-11-13,109.84,101.4584
2015-11-20,114.48,105.7443
2015-11-27,114.31,105.5873
2015-12-04,115.14,106.3539
2015-12-11,110.79,102.3359
2015-12-18,109.83,101.7653
2015-12-24,112.59,104.3227
2015-12-31,111.86,103.6463
2016-01-08,104.01,96.3727
2016-01-15,100.84,93.4355
2016-01-22,103.77,96.1503
2016-01-29,104.13,96.4839
2016-02-05,98.12,90.9152
2016-02-12,98.02,90.8225
2016-02-19,101.63,94.1674
2016-02-26,103.43,95.8353
2016-03-04,105.67,97.9108
2016-03-11,106.49,98.6706
2016-03-18,107.37,99.7804
2016-03-24,107.26,99.6782
2016-04-01,110.36,102.5591
2016-04-08,109.0,101.2952
2016-04-15,110.64,102.8193
2016-04-22,108.98,101.2766
2016-04-29,105.72,98.2471
2016-05-06,105.58,98.117
2016-05-13,105.5,98.0426
2016-05-20,106.47,98.944
2016-05-27,110.13,102.3453
2016-06-03,110.06,102.2803
2016-06-10,108.94,101.2395
2016-06-17,106.49,99.229
2016-06-24,104.29,97.179
2016-07-01,108.08,100.7106
2016-07-08,110.3,102.7792
2016-07-15,111.8,104.177
2016-07-22,113.65,105.9008
2016-07-29,115.23,107.3731
2016-08-05,116.78,108.8174
2016-08-12,117.2,109.2088
2016-08-19,117.26,109.2647
2016-08-26,116.78,108.8174
2016-09-02,117.12,109.1342
2016-09-09,114.28,106.4879
2016-09-16,117.29,109.5665
2016-09-23,118.33,110.538
2016-09-30,118.72,110.9023
2016-10-07,118.47,110.6688
2016-10-14,117.14,109.4263
2016-10-21,118.15,110.3698
2016-10-28,117.1,109.389
2016-11-04,113.65,106.1662
2016-11-11,115.8,108.1746
2016-11-18,117.32,109.5945
2016-11-25,118.8,110.977
2016-12-02,115.7,108.0812
2016-12-09,119.5,111.6309
2016-12-16,119.6,112.0559
2016-12-23,120.2,112.6181
2016-12-30,118.48,111.0066
2017-01-06,121.93,114.2389
2017-01-13,123.16,115.3914
2017-01-20,123.25,115.4757
2017-01-27,125.8,117.8648
2017-02-03,125.68,117.7524
2017-02-10,127.38,119.3452
2017-02-17,129.81,121.6219
2017-02-24,130.26,122.0435
2017-03-03,131.02,122.7556
2017-03-10,131.39,123.1022
2017-03-17,131.69,123.6402
2017-03-24,130.63,122.645
2017-03-31,132.38,124.288
2017-04-07,131.97,123.903
2017-04-13,130.4,122.429
2017-04-21,132.56,124.457
2017-04-28,135.99,127.6773
2017-05-05,137.54,129.1326
2017-05-12,138.6,130.1278
2017-05-19,137.84,129.4142
2017-05-26,141.22,132.5876
2017-06-02,143.46,134.6907
2017-06-09,139.98,131.4234
2017-06-16,138.15,130.0606
2017-06-23,141.24,132.9696
2017-06-30,137.64,129.5804
2017-07-07,137.76,129.6934
2017-07-14,142.12,133.7981
2017-07-21,144.11,135.6716
2017-07-28,143.84,135.4174
2017-08-04,143.65,135.2385
2017-08-11,142.1,133.7793
2017-08-18,141.23,132.9602
2017-08-25,141.97,133.6569
2017-09-01,146.0,137.4509
2017-09-08,144.21,135.7657
2017-09-15,146.06,137.5074
2017-09-22,144.32,136.1674
2017-09-29,145.45,137.2336
2017-10-06,147.66,139.3187
2017-10-13,148.34,139.9603
2017-10-20,148.71,140.3094
2017-10-27,151.24,142.6965
2017-11-03,153.27,144.6118
2017-11-10,153.68,144.9987
2017-11-17,153.95,145.2534
2017-11-24,156.26,147.4329
2017-12-01,154.49,145.7629
2017-12-08,154.7,145.9611
2017-12-15,157.65,148.7444
2017-12-22,157.37,148.7885
2017-12-29,155.76,147.2663
2018-01-05,161.92,153.0904
2018-01-12,164.49,155.5203
2018-01-19,166.34,157.2694
2018-01-26,170.93,161.6091
2018-02-02,164.61,155.6337
2018-02-09,156.1,147.5878
2018-02-16,164.96,155.9647
2018-02-23,168.17,158.9996
2018-03-02,165.99,156.9385
2018-03-09,173.16,163.7175
2018-03-16,171.02,161.6942
2018-03-23,158.51,150.1144
2018-03-29,160.13,151.6486
2018-04-06,156.63,148.334
2018-04-13,161.37,152.8229
2018-04-20,162.3,153.7037
2018-04-27,162.09,153.5048
2018-05-04,164.87,156.1375
2018-05-11,169.46,160.4844
2018-05-18,167.46,158.5904
2018-05-25,169.72,160.7307
2018-06-01,172.74,163.5907
2018-06-08,174.44,165.2007
2018-06-15,176.98,167.6061
2018-06-22,175.32,166.39
2018-06-29,171.65,162.9069
2018-07-06,175.61,166.6652
2018-07-13,179.61,170.4615
2018-07-20,178.99,169.8731
2018-07-27,177.62,168.5728
2018-08-03,180.08,170.9075
2018-08-10,180.52,171.3251
2018-08-17,179.86,170.6987
2018-08-24,182.48,173.1853
2018-08-31,186.65,177.1429
2018-09-07,181.11,171.8851
2018-09-14,183.99,174.6184
2018-09-21,183.71,174.3526
2018-09-28,185.79,176.6429
2018-10-05,180.15,171.2806
2018-10-12,174.32,165.7376
2018-10-19,173.02,164.5016
2018-10-26,166.66,158.4547
2018-11-02,169.38,161.0408
2018-11-09,171.52,163.0754
2018-11-16,167.5,159.2534
2018-11-23,159.21,151.3715
2018-11-30,169.37,161.0313
2018-12-07,161.38,153.4347
2018-12-14,161.08,153.1494
2018-12-21,147.57,140.3046
2018-12-28,152.97,145.865
2019-01-04,156.23,148.9736
2019-01-11,160.69,153.2265
2019-01-18,165.25,157.5747
2019-01-25,165.15,157.4793
2019-02-01,167.45,159.6725
2019-02-08,168.56,160.7309
2019-02-15,171.94,163.9539
2019-02-22,172.89,164.8598
2019-03-01,174.39,166.2901
2019-03-08,171.17,163.2197
2019-03-15,178.35,170.0662
2019-03-22,178.56,170.5758
2019-03-29,179.66,171.6266
2019-04-05,184.66,176.403
2019-04-12,185.83,177.5207
2019-04-18,187.39,179.011
2019-04-26,190.65,182.1252
2019-05-03,191.11,182.5646
2019-05-10,185.0,176.7278
2019-05-17,183.04,174.8555
2019-05-24,178.16,170.1937
2019-05-31,173.95,166.1719
2019-06-07,181.04,172.9449
2019-06-14,182.64,174.4734
2019-06-21,188.57,180.1382
2019-06-28,186.74,178.784
2019-07-05,191.05,182.9104
2019-07-12,193.53,185.2847
2019-07-19,191.01,182.8721
2019-07-26,195.29,186.9698
2019-08-02,187.35,179.368
2019-08-09,186.49,178.5447
2019-08-16,185.48,177.5777
2019-08-23,182.07,174.313
2019-08-30,187.47,179.4829
2019-09-06,191.59,183.4274
2019-09-13,192.54,184.3369
2019-09-20,190.8,182.6711
2019-09-27,187.03,179.4228
2019-10-04,188.81,181.1304
2019-10-11,191.11,183.3368
2019-10-18,191.69,183.8932
2019-10-25,195.64,187.6826
2019-11-01,198.87,190.7812
2019-11-08,201.23,193.0452
2019-11-15,202.91,194.6569
2019-11-22,201.83,193.6208
2019-11-29,205.1,196.7578
2019-12-06,205.0,196.6618
2019-12-13,207.19,198.7628
2019-12-20,211.71,203.0989
2019-12-27,213.61,205.3644
2020-01-03,214.18,205.9124
2020-01-10,218.43,209.9983
2020-01-17,223.38,214.7573
2020-01-24,222.7,214.1035
2020-01-31,219.07,210.6136
2020-02-07,229.2,220.3526
2020-02-14,234.64,225.5826
2020-02-21,230.27,221.3813
2020-02-28,205.8,197.8559
2020-03-06,208.02,199.9902
2020-03-13,192.34,184.9155
2020-03-20,170.7,164.1108
2020-03-27,185.3,178.5263
2020-04-03,183.37,176.6668
2020-04-09,200.86,193.5174
2020-04-17,215.29,207.42
2020-04-24,213.84,206.023
2020-05-01,212.74,204.9632
2020-05-08,224.86,216.6401
2020-05-15,223.27,215.1082
2020-05-22,229.66,221.2646
2020-05-29,233.36,224.8294
2020-06-05,239.69,230.928
2020-06-12,235.88,227.2573
2020-06-19,244.24,235.3117
2020-06-26,240.22,231.8366
2020-07-02,252.19,243.3888
2020-07-10,263.97,254.7577
2020-07-17,259.42,250.3665
2020-07-24,255.56,246.6412
2020-07-31,265.79,256.5142
2020-08-07,271.47,261.996
2020-08-14,272.16,262.6619
2020-08-21,281.87,272.033
2020-08-28,292.53,282.321
2020-09-04,283.58,273.6834
2020-09-11,270.45,261.0116
2020-09-18,266.87,257.5565
2020-09-25,271.56,262.4632
2020-10-02,274.31,265.1211
2020-10-09,285.71,276.1392
2020-10-16,288.51,278.8454
2020-10-23,284.74,275.2017
2020-10-30,269.38,260.3562
2020-11-06,294.61,284.7411
2020-11-13,290.93,281.1843
2020-11-20,290.38,280.6528
2020-11-27,299.01,288.9937
2020-12-04,305.52,295.2856
2020-12-11,301.85,291.7385
2020-12-18,310.06,299.6735
2020-12-24,309.56,299.7339
2020-12-31,313.74,303.7812
2021-01-08,319.03,308.9033
2021-01-15,311.86,301.9609
2021-01-22,325.42,315.0905
2021-01-29,314.56,304.5752
2021-02-05,331.36,320.8419
2021-02-12,336.45,325.7704
2021-02-19,331.02,320.5127
2021-02-26,314.14,304.1685
2021-03-05,308.68,298.8818
2021-03-12,315.46,305.4466
2021-03-19,313.14,303.2003
2021-03-26,316.0,306.3485
2021-04-01,324.57,314.6568
2021-04-09,337.11,326.8138
2021-04-16,342.01,331.5641
2021-04-23,339.42,329.0532
2021-04-30,337.99,327.6669
2021-05-07,334.2,323.9926
2021-05-14,326.39,316.4212
2021-05-21,327.01,317.0222
2021-05-28,333.93,323.7309
2021-06-04,335.6,325.3499
2021-06-11,341.24,330.8176
2021-06-18,342.63,332.1652
2021-06-25,349.46,339.1769
2021-07-02,358.64,348.0868
2021-07-09,361.01,350.3871
2021-07-16,357.6,347.0774
2021-07-23,368.2,357.3655
2021-07-30,364.57,353.8423
2021-08-06,368.05,357.2199
2021-08-13,368.82,357.9672
2021-08-20,367.73,356.9093
2021-08-27,376.04,364.9748
2021-09-03,381.57,370.3421
2021-09-10,376.59,365.5086
2021-09-17,373.83,362.8298
2021-09-24,373.33,362.7547
2021-10-01,360.18,349.9772
2021-10-08,361.16,350.9294
2021-10-15,368.94,358.489
2021-10-22,374.1,363.5028
2021-10-29,386.11,375.1726
2021-11-05,398.6,387.3088
2021-11-12,394.7,383.5193
2021-11-19,403.99,392.5461
2021-11-26,391.2,380.1184
2021-12-03,383.13,372.277
2021-12-10,398.01,386.7355
2021-12-17,384.91,374.0066
2021-12-23,396.92,386.1743
2021-12-31,397.85,387.0791
2022-01-07,379.86,369.5761
2022-01-14,380.01,369.7221
2022-01-21,351.69,342.1688
2022-01-28,351.8,342.2758
2022-02-04,358.01,348.3177
2022-02-11,347.06,337.6641
2022-02-18,341.51,332.2644
2022-02-25,345.77,336.409
2022-03-04,337.3,328.1683
2022-03-11,324.4,315.6176
2022-03-18,351.49,341.9742
2022-03-25,359.35,350.0545
2022-04-01,361.85,352.4898
2022-04-08,349.15,340.1184
2022-04-14,338.43,329.6757
2022-04-22,325.4,316.9827
2022-04-29,313.25,305.147
2022-05-06,309.25,301.2505
2022-05-13,301.94,294.1296
2022-05-20,288.68,281.2126
2022-05-27,309.1,301.1044
2022-06-03,306.2,298.2794
2022-06-10,288.84,281.3684
2022-06-17,274.69,267.5845
2022-06-24,294.61,287.5277
2022-07-01,282.13,275.3477
2022-07-08,295.35,288.2499
2022-07-15,291.87,284.8535
2022-07-22,301.99,294.7302
2022-07-29,315.46,307.8764
2022-08-05,321.75,314.0152
2022-08-12,330.39,322.4475
2022-08-19,322.86,315.0985
2022-08-26,307.44,300.0492
2022-09-02,295.17,288.0742
2022-09-09,307.09,299.7076
2022-09-16,289.32,282.3648
2022-09-23,275.51,269.3659
2022-09-30,267.26,261.2999
2022-10-07,269.1,263.0988
2022-10-14,260.74,254.9253
2022-10-21,275.42,269.2779
2022-10-28,281.22,274.9486
2022-11-04,264.68,258.7774
2022-11-11,287.96,281.5382
2022-11-18,284.82,278.4683
2022-11-25,286.92,280.5214
2022-12-02,292.55,286.0259
2022-12-09,282.04,275.7503
2022-12-16,274.25,268.134
2022-12-23,267.36,262.0328
2022-12-30,266.28,260.9743
2023-01-06,268.8,263.4441
2023-01-13,280.97,275.3716
2023-01-20,282.68,277.0475
2023-01-27,296.26,290.3569
2023-02-03,306.18,300.0793
2023-02-10,299.7,293.7284
2023-02-17,301.16,295.1593
2023-02-24,291.85,286.0348
2023-03-03,299.68,293.7088
2023-03-10,288.55,282.8005
2023-03-17,305.36,299.2756
2023-03-24,310.89,305.1657
2023-03-31,320.93,315.0208
2023-04-06,318.05,312.1938
2023-04-14,318.57,312.7043
2023-04-21,316.61,310.7803
2023-04-28,322.56,316.6208
2023-05-05,322.89,316.9447
2023-05-12,325.03,319.0453
2023-05-19,336.51,330.3139
2023-05-26,348.4,341.985
2023-06-02,354.65,348.1199
2023-06-09,354.5,347.9727
2023-06-16,367.93,361.1554
2023-06-23,362.54,356.3534
2023-06-30,369.42,363.116
2023-07-07,366.24,359.9903
2023-07-14,379.07,372.6014
2023-07-21,375.63,369.2201
2023-07-28,383.48,376.9361
2023-08-04,372.04,365.6913
2023-08-11,366.24,359.9903
2023-08-18,358.13,352.0187
2023-08-25,364.02,357.8082
2023-09-01,377.59,371.1466
2023-09-08,372.58,366.2221
2023-09-15,370.81,364.4823
2023-09-22,357.91,352.3108
2023-09-29,358.27,352.6651
2023-10-06,364.7,358.9945
2023-10-13,365.28,359.5655
2023-10-20,354.6,349.0525
2023-10-27,345.31,339.9079
2023-11-03,367.71,361.9574
2023-11-10,378.39,372.4704
2023-11-17,386.04,380.0007
2023-11-24,389.51,383.4164
2023-12-01,389.94,383.8397
2023-12-08,392.17,386.0348
2023-12-15,405.34,398.9988
2023-12-22,408.38,402.7893
2023-12-29,409.52,404.1256
2024-01-05,396.75,391.5238
2024-01-12,409.56,404.1651
2024-01-19,421.18,415.632
2024-01-26,423.81,418.2274
2024-02-02,429.01,423.3589
2024-02-09,437.05,431.293
2024-02-16,430.57,424.8983
2024-02-23,436.78,431.0265
2024-03-01,445.61,439.7402
2024-03-08,439.02,433.237
2024-03-15,433.92,428.2042
2024-03-22,446.38,441.0775
2024-03-28,444.01,438.7356
2024-04-05,440.47,435.2377
2024-04-12,438.27,433.0638
2024-04-19,414.65,409.7244
2024-04-26,431.0,425.8802
2024-05-03,435.48,430.307
2024-05-10,442.06,436.8088
2024-05-17,451.76,446.3936
2024-05-24,457.95,452.51
2024-05-31,450.71,445.356
2024-06-07,462.96,457.4605
2024-06-14,479.19,473.4977
2024-06-21,480.18,474.476
2024-06-28,479.11,474.1793
2024-07-05,496.16,491.0538
2024-07-12,494.82,489.7276
2024-07-19,475.24,470.3491
2024-07-26,462.97,458.2054
2024-08-02,448.75,444.1318
2024-08-09,450.41,445.7747
2024-08-16,475.03,470.1413
2024-08-23,480.0,475.0601
2024-08-30,476.27,471.3685
2024-09-06,448.69,444.0724
2024-09-13,475.34,470.4481
2024-09-20,482.44,477.475
2024-09-27,486.75,482.4157
2024-10-04,487.32,482.9806
2024-10-11,493.36,488.9669
2024-10-18,494.47,490.067
2024-10-25,495.32,490.9094
2024-11-01,487.43,483.0897
2024-11-08,514.14,509.5618
2024-11-15,496.57,492.1483
2024-11-22,505.79,501.2862
2024-11-29,509.74,505.201
2024-12-06,526.48,521.7919
2024-12-13,530.53,525.8059
2024-12-20,518.66,514.0416
2024-12-27,522.56,518.7336
2025-01-03,518.58,514.7827
2025-01-10,507.19,503.4761
2025-01-17,521.74,517.9196
2025-01-24,529.63,525.7518
2025-01-31,522.29,518.4656
2025-02-07,522.92,519.0909
2025-02-14,538.15,534.2094
2025-02-21,526.08,522.2278
2025-02-28,508.17,504.449
2025-03-07,491.79,488.1889
2025-03-14,479.66,476.1477
2025-03-21,480.84,477.3191
2025-03-28,468.94,466.1852
2025-04-04,422.67,420.187
2025-04-11,454.4,451.7306
2025-04-17,444.1,441.4912
2025-04-25,472.56,469.784
2025-05-02,488.83,485.9584
2025-05-09,487.97,485.1034
2025-05-16,521.51,518.4464
2025-05-23,509.24,506.2485
2025-05-30,519.11,516.0605
2025-06-06,529.92,526.807
2025-06-13,526.96,523.8644
2025-06-20,526.83,523.7352
2025-06-27,548.09,545.4761
2025-07-03,556.22,553.5673
2025-07-11,554.2,551.5569
2025-07-18,561.26,558.5833
2025-07-25,566.37,563.6689
2025-08-01,553.88,551.2385
2025-08-08,574.55,571.8099
2025-08-15,577.34,574.5866
2025-08-22,571.97,569.2422
2025-08-29,570.4,567.6797
2025-09-05,576.06,573.3127
2025-09-12,586.66,583.8621
2025-09-19,599.35,596.4916
2025-09-26,595.97,593.8112
2025-10-03,603.18,600.9951
2025-10-10,589.5,587.3647
2025-10-17,603.93,601.7424
2025-10-24,617.1,614.8647
2025-10-31,629.07,626.7913
2025-11-07,609.74,607.5313
2025-11-14,608.86,606.6545
2025-11-21,590.07,587.9326
2025-11-28,619.25,617.0069
2025-12-05,625.48,623.2143
2025-12-12,613.62,611.3973
2025-12-19,617.05,614.8149
2025-12-26,623.89,622.4273
2026-01-02,613.12,611.6825
2026-01-09,626.65,625.1808
2026-01-16,621.26,619.8034
2026-01-23,622.72,621.26
2026-01-30,621.87,620.412
2026-02-06,609.65,608.2207
2026-02-13,601.92,600.5088
2026-02-20,608.81,607.3826
2026-02-27,607.29,605.8662
2026-03-06,599.75,598.3439
2026-03-13,593.72,592.328
2026-03-20,582.06,580.6953
2026-03-27,562.58,561.9605
2026-04-02,584.98,584.3358
2026-04-10,611.07,610.3971
2026-04-17,648.85,648.1355
2026-04-24,663.88,663.149
2026-05-01,674.15,673.4077
2026-05-08,711.23,710.4468
2026-05-15,708.93,708.1494
2026-05-22,717.54,716.7499
2026-05-29,738.31,737.497
2026-06-05,705.06,704.2836
2026-06-12,721.34,720.5457
2026-06-18,740.62,739.8045
2026-06-26,706.52,706.52
2026-07-02,712.6,712.6
2026-07-10,725.51,725.51
2026-07-17,695.33,695.33
2026-07-24,684.23,684.23
2026-07-31,687.99,687.99
2026-08-07,723.03,723.03
2026-08-14,731.07,731.07
2026-08-21,713.44,713.44
2026-08-28,716.43,716.43
2026-09-04,718.96,718.96
2026-09-11,714.88,714.88
