date,split_adj_close,adj_close,factor
2010-02-19,0.233750,0.222000,0.9497326203
2010-02-26,0.232526,0.220900,0.9500012902
2010-03-05,0.258984,0.246000,0.9498656288
2010-03-12,0.274583,0.260800,0.9498038498
2010-03-19,0.277656,0.263700,0.9497363986
2010-03-26,0.286667,0.272300,0.9498826496
2010-04-01,0.289115,0.274600,0.9497950314
2010-04-09,0.304505,0.289200,0.9497381307
2010-04-16,0.313984,0.298200,0.9497298923
2010-04-23,0.332865,0.316200,0.9499346582
2010-04-30,0.307344,0.291900,0.9497501480
2010-05-07,0.239896,0.227900,0.9499949978
2010-05-14,0.260156,0.247100,0.9498146900
2010-05-21,0.223646,0.212400,0.9497151749
2010-05-28,0.237109,0.225200,0.9497741144
2010-06-04,0.228177,0.216700,0.9497013284
2010-06-11,0.232292,0.220600,0.9496667987
2010-06-18,0.257682,0.244700,0.9496200744
2010-06-25,0.229818,0.218300,0.9498820806
2010-07-02,0.189427,0.179900,0.9497062193
2010-07-09,0.217865,0.206900,0.9496706240
2010-07-16,0.213620,0.202900,0.9498173884
2010-07-23,0.238151,0.226200,0.9498175527
2010-07-30,0.234271,0.222500,0.9497547712
2010-08-06,0.248724,0.236200,0.9496469983
2010-08-13,0.216510,0.205600,0.9496097178
2010-08-20,0.218906,0.207900,0.9497227120
2010-08-27,0.206536,0.196200,0.9499554557
2010-09-03,0.234271,0.222500,0.9497547712
2010-09-10,0.242214,0.230100,0.9499864149
2010-09-17,0.266927,0.253500,0.9496978575
2010-09-24,0.293516,0.278800,0.9498630075
2010-10-01,0.283750,0.269500,0.9497797357
2010-10-08,0.295443,0.280600,0.9497601906
2010-10-15,0.327448,0.311000,0.9497690946
2010-10-22,0.329505,0.313000,0.9499097131
2010-10-29,0.340286,0.323200,0.9497893228
2010-11-05,0.369557,0.351000,0.9497858504
2010-11-12,0.345339,0.328000,0.9497913644
2010-11-19,0.343802,0.326500,0.9496744943
2010-11-26,0.353594,0.335800,0.9496767211
2010-12-03,0.370651,0.352000,0.9496804015
2010-12-10,0.383750,0.364500,0.9498371583
2010-12-17,0.385990,0.366600,0.9497655626
2010-12-23,0.390833,0.371200,0.9497662928
2010-12-31,0.385104,0.365800,0.9498732810
2011-01-07,0.414609,0.393800,0.9498105673
2011-01-14,0.440443,0.418300,0.9497255956
2011-01-21,0.409870,0.389300,0.9498133555
2011-01-28,0.409870,0.389300,0.9498133555
2011-02-04,0.446667,0.424200,0.9497008051
2011-02-11,0.471719,0.448000,0.9497179465
2011-02-18,0.479063,0.455000,0.9497706982
2011-02-25,0.450677,0.428100,0.9499042341
2011-03-04,0.457500,0.434500,0.9497267552
2011-03-11,0.421927,0.400700,0.9496903268
2011-03-18,0.378906,0.359900,0.9498397769
2011-03-25,0.430156,0.408600,0.9498879697
2011-04-01,0.443958,0.421700,0.9498646054
2011-04-08,0.431563,0.409900,0.9498034111
2011-04-15,0.424115,0.402800,0.9497424048
2011-04-21,0.463073,0.439800,0.9497422858
2011-04-29,0.481302,0.457100,0.9497155829
2011-05-06,0.465729,0.442300,0.9496939207
2011-05-13,0.463750,0.440500,0.9498652291
2011-05-20,0.447813,0.425300,0.9497267833
2011-05-27,0.439427,0.417400,0.9498733794
2011-06-03,0.413958,0.393200,0.9498547932
2011-06-10,0.376563,0.357700,0.9499074272
2011-06-17,0.361615,0.343500,0.9499052860
2011-06-24,0.371927,0.353300,0.9499176169
2011-07-01,0.448125,0.425600,0.9497350070
2011-07-08,0.474063,0.450300,0.9498737309
2011-07-15,0.445313,0.423000,0.9498936490
2011-07-22,0.486302,0.461900,0.9498213240
2011-07-29,0.447240,0.424800,0.9498255970
2011-08-05,0.353385,0.335600,0.9496724536
2011-08-12,0.338021,0.321100,0.9499409519
2011-08-19,0.272760,0.259100,0.9499193430
2011-08-26,0.323125,0.306900,0.9497872340
2011-09-02,0.325208,0.308900,0.9498536029
2011-09-09,0.322188,0.306000,0.9497560725
2011-09-16,0.388594,0.369100,0.9498345317
2011-09-23,0.339323,0.322300,0.9498324325
2011-09-30,0.308333,0.292900,0.9499469421
2011-10-07,0.334010,0.317200,0.9496721655
2011-10-14,0.414063,0.393300,0.9498554338
2011-10-21,0.394271,0.374500,0.9498543121
2011-10-28,0.426719,0.405300,0.9498053532
2011-11-04,0.400417,0.380300,0.9497598753
2011-11-11,0.398854,0.378800,0.9497209743
2011-11-18,0.349688,0.332100,0.9497037631
2011-11-25,0.303125,0.287900,0.9497732272
2011-12-02,0.368698,0.350200,0.9498288572
2011-12-09,0.376198,0.357300,0.9497658401
2011-12-16,0.336771,0.319900,0.9499036155
2011-12-23,0.359063,0.341000,0.9496940648
2011-12-30,0.354115,0.336300,0.9496914576
2012-01-06,0.392083,0.372400,0.9497989188
2012-01-13,0.399635,0.379600,0.9498667772
2012-01-20,0.433281,0.411500,0.9497300828
2012-01-27,0.446927,0.424500,0.9498195242
2012-02-03,0.483490,0.459200,0.9497611316
2012-02-10,0.493333,0.468600,0.9498654874
2012-02-17,0.516094,0.490200,0.9498269143
2012-02-24,0.528438,0.501900,0.9497803498
2012-03-02,0.551146,0.523500,0.9498391143
2012-03-09,0.553854,0.526000,0.9497087852
2012-03-16,0.595781,0.565900,0.9498456169
2012-03-23,0.607344,0.576900,0.9498735947
2012-03-30,0.623125,0.591800,0.9497291571
2012-04-05,0.627240,0.595800,0.9498756457
2012-04-13,0.583854,0.554500,0.9497236998
2012-04-20,0.569010,0.540400,0.9497196552
2012-04-27,0.608958,0.578400,0.9498191838
2012-05-04,0.541979,0.514800,0.9498522830
2012-05-11,0.527813,0.501300,0.9497681584
2012-05-18,0.448333,0.425800,0.9497404831
2012-05-25,0.475521,0.451600,0.9496951764
2012-06-01,0.437083,0.415100,0.9497051830
2012-06-08,0.492188,0.467500,0.9498402856
2012-06-15,0.496979,0.472000,0.9497383189
2012-06-22,0.504063,0.478800,0.9498812460
2012-06-29,0.520833,0.494700,0.9498245714
2012-07-06,0.518125,0.492100,0.9497708082
2012-07-13,0.500208,0.475100,0.9498048432
2012-07-20,0.520833,0.494700,0.9498245714
2012-07-27,0.535625,0.508700,0.9497316574
2012-08-03,0.551667,0.524000,0.9498484031
2012-08-10,0.584375,0.555000,0.9497325878
2012-08-17,0.622604,0.591300,0.9497208346
2012-08-24,0.621458,0.590300,0.9498630792
2012-08-31,0.618438,0.587400,0.9498122536
2012-09-07,0.650729,0.618100,0.9498577749
2012-09-14,0.671354,0.637700,0.9498714538
2012-09-21,0.676771,0.642800,0.9498043053
2012-09-28,0.631667,0.600000,0.9498675426
2012-10-05,0.641250,0.609100,0.9498635329
2012-10-12,0.579688,0.550600,0.9498212668
2012-10-19,0.551146,0.523500,0.9498391143
2012-10-26,0.543438,0.516200,0.9498783320
2012-11-02,0.535208,0.508300,0.9497242371
2012-11-09,0.493438,0.468700,0.9498660227
2012-11-16,0.467188,0.443700,0.9497247361
2012-11-23,0.527604,0.501100,0.9497653903
2012-11-30,0.549896,0.522300,0.9498159652
2012-12-07,0.527396,0.500900,0.9497606751
2012-12-14,0.521250,0.495100,0.9498321161
2012-12-21,0.541563,0.514400,0.9498433765
2012-12-28,0.506250,0.480800,0.9497283575
2013-01-04,0.575313,0.546400,0.9497439281
2013-01-11,0.590833,0.561200,0.9498453717
2013-01-18,0.586667,0.557200,0.9497721876
2013-01-25,0.583333,0.554000,0.9497147958
2013-02-01,0.599583,0.569500,0.9498267488
2013-02-08,0.607917,0.577400,0.9498006973
2013-02-15,0.601146,0.571000,0.9498524801
2013-02-22,0.583854,0.554500,0.9497236998
2013-03-01,0.590000,0.560400,0.9498305568
2013-03-08,0.626042,0.594600,0.9497765174
2013-03-15,0.623229,0.591900,0.9497311125
2013-03-22,0.624896,0.593500,0.9497580549
2013-03-28,0.635000,0.603100,0.9497637945
2013-04-05,0.605000,0.574600,0.9497520347
2013-04-12,0.661146,0.628000,0.9498658534
2013-04-19,0.606875,0.576400,0.9497837281
2013-04-26,0.647292,0.614800,0.9498031507
2013-05-03,0.718958,0.682900,0.9498468353
2013-05-10,0.747708,0.710200,0.9498360068
2013-05-17,0.786042,0.746600,0.9498220439
2013-05-24,0.757500,0.719500,0.9498349960
2013-05-31,0.751771,0.714000,0.9497573443
2013-06-07,0.755313,0.717400,0.9498049405
2013-06-14,0.720833,0.684600,0.9497345432
2013-06-21,0.670729,0.637100,0.9498620441
2013-06-28,0.691458,0.656700,0.9497323185
2013-07-05,0.731979,0.695200,0.9497540100
2013-07-12,0.816250,0.775300,0.9498315118
2013-07-19,0.794271,0.754400,0.9498017799
2013-07-26,0.817188,0.776200,0.9498426078
2013-08-02,0.870313,0.826600,0.9497732534
2013-08-09,0.853854,0.811000,0.9498110918
2013-08-16,0.817500,0.776500,0.9498470948
2013-08-23,0.858229,0.815100,0.9497465350
2013-08-30,0.816667,0.775700,0.9498363237
2013-09-06,0.864063,0.820700,0.9498149799
2013-09-13,0.902292,0.857000,0.9498033791
2013-09-20,0.941563,0.894300,0.9498036674
2013-09-27,0.944375,0.897000,0.9498345668
2013-10-04,0.955208,0.907300,0.9498454787
2013-10-11,0.945208,0.897800,0.9498438338
2013-10-18,1.052604,0.999800,0.9498348857
2013-10-25,1.079375,1.025200,0.9498089172
2013-11-01,1.075833,1.021800,0.9497756622
2013-11-08,1.064063,1.010600,0.9497557945
2013-11-15,1.118540,1.062400,0.9498095732
2013-11-22,1.119480,1.063300,0.9498159860
2013-11-29,1.187600,1.128000,0.9498147524
2013-12-06,1.200420,1.140200,0.9498342247
2013-12-13,1.152290,1.094400,0.9497609109
2013-12-20,1.230000,1.168300,0.9498373984
2013-12-27,1.274580,1.210600,0.9498030724
2014-01-03,1.235100,1.173100,0.9498016355
2014-01-10,1.262500,1.199100,0.9497821782
2014-01-17,1.284690,1.220200,0.9498011193
2014-01-24,1.232080,1.170200,0.9497759886
2014-01-31,1.210630,1.149800,0.9497534342
2014-02-07,1.248540,1.185900,0.9498294007
2014-02-14,1.359170,1.290900,0.9497708160
2014-02-21,1.362710,1.294300,0.9497985632
2014-02-28,1.397080,1.326900,0.9497666562
2014-03-07,1.407290,1.336600,0.9497687044
2014-03-14,1.320830,1.254500,0.9497815767
2014-03-21,1.341460,1.274100,0.9497860540
2014-03-28,1.255210,1.192200,0.9498012285
2014-04-04,1.222710,1.161300,0.9497754987
2014-04-11,1.122710,1.066300,0.9497555023
2014-04-17,1.205000,1.144500,0.9497925311
2014-04-25,1.203330,1.142900,0.9497810243
2014-05-02,1.259170,1.196000,0.9498320322
2014-05-09,1.226670,1.165100,0.9498072016
2014-05-16,1.263750,1.200300,0.9497922849
2014-05-23,1.358750,1.290500,0.9497700092
2014-05-30,1.423540,1.352100,0.9498152493
2014-06-06,1.493960,1.419000,0.9498246272
2014-06-13,1.468330,1.394600,0.9497864921
2014-06-20,1.502290,1.426900,0.9498166133
2014-06-27,1.546460,1.469100,0.9499760744
2014-07-03,1.647500,1.565000,0.9499241275
2014-07-11,1.622920,1.541700,0.9499544032
2014-07-18,1.664370,1.581100,0.9499690574
2014-07-25,1.695830,1.611000,0.9499772973
2014-08-01,1.586870,1.507500,0.9499833005
2014-08-08,1.596870,1.517000,0.9499834050
2014-08-15,1.723750,1.637500,0.9499637418
2014-08-22,1.813130,1.722400,0.9499594624
2014-08-29,1.853750,1.761000,0.9499662846
2014-09-05,1.859580,1.766500,0.9499456867
2014-09-12,1.835000,1.743200,0.9499727520
2014-09-19,1.872290,1.778600,0.9499596751
2014-09-26,1.801670,1.711500,0.9499519890
2014-10-03,1.766880,1.678400,0.9499230282
2014-10-10,1.562710,1.484500,0.9499523264
2014-10-17,1.493960,1.419200,0.9499584996
2014-10-24,1.769580,1.681000,0.9499429243
2014-10-31,1.920830,1.824700,0.9499539262
2014-11-07,1.931460,1.834800,0.9499549564
2014-11-14,2.024583,1.923300,0.9499734019
2014-11-21,2.066250,1.962800,0.9499334543
2014-11-28,2.195420,2.085500,0.9499321314
2014-12-05,2.151460,2.043800,0.9499595623
2014-12-12,1.986250,1.886800,0.9499307741
2014-12-19,2.093958,1.989200,0.9499712984
2014-12-26,2.139580,2.032800,0.9500930089
2015-01-02,2.013542,1.913100,0.9501167594
2015-01-09,1.986040,1.887000,0.9501319208
2015-01-16,1.883330,1.789400,0.9501255754
2015-01-23,2.077083,1.973500,0.9501305437
2015-01-30,1.889170,1.794900,0.9500997793
2015-02-06,2.002083,1.902200,0.9501104125
2015-02-13,2.226250,2.115200,0.9501179113
2015-02-20,2.319380,2.203700,0.9501246023
2015-02-27,2.318750,2.203100,0.9501239892
2015-03-06,2.251040,2.138700,0.9500941787
2015-03-13,2.121880,2.016000,0.9501008540
2015-03-20,2.337710,2.221100,0.9501178504
2015-03-27,2.137290,2.030900,0.9502220101
2015-04-02,2.112920,2.007700,0.9502016167
2015-04-10,2.272920,2.159700,0.9501874241
2015-04-17,2.162290,2.054600,0.9501963196
2015-04-24,2.445000,2.323300,0.9502249489
2015-05-01,2.347500,2.230600,0.9502023429
2015-05-08,2.315830,2.200500,0.9501992806
2015-05-15,2.372920,2.254800,0.9502216678
2015-05-22,2.430210,2.309200,0.9502059493
2015-05-29,2.399580,2.280100,0.9502079531
2015-06-05,2.348960,2.232000,0.9502077515
2015-06-12,2.308330,2.193400,0.9502107584
2015-06-19,2.392080,2.273000,0.9502190562
2015-06-26,2.357710,2.240300,0.9502016787
2015-07-02,2.270000,2.157000,0.9502202643
2015-07-10,2.242290,2.130600,0.9501893154
2015-07-17,2.624790,2.494100,0.9502093501
2015-07-24,2.457500,2.335100,0.9501932859
2015-07-31,2.511870,2.386800,0.9502084105
2015-08-07,2.399580,2.280100,0.9502079531
2015-08-14,2.409170,2.289200,0.9502027669
2015-08-21,1.915000,1.819700,0.9502349869
2015-08-28,2.053542,1.951300,0.9502118778
2015-09-04,1.848120,1.756100,0.9502088609
2015-09-11,2.029375,1.928300,0.9501940253
2015-09-18,2.032292,1.931100,0.9502079426
2015-09-25,1.892500,1.798300,0.9502245707
2015-10-02,1.937500,1.841000,0.9501935484
2015-10-09,2.078750,1.975200,0.9501864101
2015-10-16,2.173130,2.064900,0.9501962607
2015-10-23,2.455830,2.333600,0.9502286396
2015-10-30,2.492710,2.368600,0.9502108147
2015-11-06,2.588960,2.460100,0.9502271182
2015-11-13,2.263540,2.150800,0.9501930604
2015-11-20,2.555210,2.428000,0.9502154422
2015-11-27,2.541460,2.414900,0.9502018525
2015-12-04,2.589380,2.460400,0.9501888483
2015-12-11,2.303750,2.189000,0.9501899078
2015-12-18,2.265420,2.152600,0.9501990801
2015-12-24,2.426250,2.305400,0.9501906234
2015-12-31,2.379790,2.261300,0.9502098925
2016-01-08,1.903960,1.809200,0.9502300468
2016-01-15,1.718750,1.633200,0.9502254545
2016-01-22,1.864580,1.771700,0.9501871735
2016-01-29,1.876880,1.783400,0.9501939389
2016-02-05,1.560620,1.482900,0.9501992798
2016-02-12,1.549380,1.472200,0.9501865262
2016-02-19,1.724380,1.638500,0.9501965924
2016-02-26,1.811460,1.721300,0.9502279929
2016-03-04,1.926870,1.830900,0.9501938377
2016-03-11,1.966040,1.868200,0.9502349901
2016-03-18,2.032500,1.931300,0.9502091021
2016-03-24,2.025000,1.924200,0.9502222222
2016-04-01,2.204380,2.094600,0.9501991490
2016-04-08,2.119170,2.013700,0.9502305148
2016-04-15,2.213540,2.103300,0.9501974213
2016-04-22,2.113330,2.008100,0.9502065461
2016-04-29,1.929380,1.833300,0.9502016192
2016-05-06,1.915830,1.820400,0.9501886911
2016-05-13,1.907920,1.812900,0.9501970733
2016-05-20,1.960000,1.862400,0.9502040816
2016-05-27,2.164170,2.056400,0.9502026181
2016-06-03,2.160210,2.052700,0.9502316904
2016-06-10,2.095000,1.990700,0.9502147971
2016-06-17,1.968750,1.870700,0.9501968254
2016-06-24,1.839170,1.747600,0.9502112366
2016-07-01,2.034167,1.932900,0.9502169684
2016-07-08,2.160000,2.052500,0.9502314815
2016-07-15,2.248130,2.136200,0.9502119539
2016-07-22,2.360000,2.242500,0.9502118644
2016-07-29,2.458540,2.336100,0.9501980850
2016-08-05,2.557920,2.430600,0.9502251830
2016-08-12,2.584580,2.455900,0.9502124136
2016-08-19,2.586870,2.458100,0.9502216965
2016-08-26,2.554790,2.427600,0.9502150862
2016-09-02,2.573120,2.445000,0.9502083074
2016-09-09,2.385000,2.266300,0.9502306080
2016-09-16,2.591670,2.462600,0.9501981348
2016-09-23,2.659790,2.527400,0.9502253937
2016-09-30,2.678960,2.545600,0.9502194882
2016-10-07,2.663750,2.531100,0.9502017832
2016-10-14,2.569380,2.441400,0.9501903183
2016-10-21,2.635420,2.504200,0.9502090748
2016-10-28,2.570000,2.442000,0.9501945525
2016-11-04,2.340630,2.224100,0.9502142586
2016-11-11,2.467920,2.345000,0.9501928750
2016-11-18,2.565210,2.437500,0.9502146023
2016-11-25,2.659370,2.527000,0.9502250533
2016-12-02,2.451460,2.329400,0.9502092631
2016-12-09,2.697710,2.563400,0.9502133291
2016-12-16,2.727080,2.591300,0.9502104815
2016-12-23,2.768330,2.630500,0.9502118606
2016-12-30,2.650620,2.518600,0.9501927851
2017-01-06,2.881250,2.737800,0.9502125813
2017-01-13,2.968330,2.820500,0.9501975858
2017-01-20,2.971670,2.823700,0.9502064496
2017-01-27,3.157080,2.999900,0.9502134884
2017-02-03,3.145830,2.989200,0.9502102784
2017-02-10,3.273330,3.110400,0.9502250002
2017-02-17,3.460000,3.287700,0.9502023121
2017-02-24,3.496250,3.322200,0.9502180908
2017-03-03,3.553330,3.376400,0.9502072704
2017-03-10,3.578750,3.400600,0.9502200489
2017-03-17,3.624580,3.444100,0.9502066446
2017-03-24,3.532500,3.356600,0.9502052371
2017-03-31,3.675420,3.492400,0.9502043304
2017-04-07,3.640830,3.459600,0.9502228887
2017-04-13,3.509580,3.334800,0.9501991691
2017-04-21,3.680420,3.497200,0.9502176382
2017-04-28,3.972080,3.774300,0.9502074480
2017-05-05,4.104170,3.899800,0.9502043044
2017-05-12,4.197920,3.988900,0.9502086748
2017-05-19,4.115420,3.910500,0.9502067833
2017-05-26,4.422500,4.202300,0.9502091577
2017-06-02,4.632080,4.401500,0.9502210670
2017-06-09,4.302920,4.088700,0.9502152027
2017-06-16,4.157920,3.950900,0.9502106823
2017-06-23,4.428330,4.207800,0.9502001883
2017-06-30,4.069167,3.866600,0.9502190497
2017-07-07,4.082500,3.879200,0.9502020821
2017-07-14,4.483330,4.260100,0.9502088849
2017-07-21,4.669170,4.436700,0.9502117079
2017-07-28,4.640830,4.409800,0.9502179567
2017-08-04,4.613750,4.384000,0.9502031970
2017-08-11,4.456670,4.234800,0.9502161928
2017-08-18,4.360420,4.143300,0.9502066315
2017-08-25,4.427920,4.207400,0.9501978356
2017-09-01,4.807920,4.568500,0.9502029984
2017-09-08,4.631670,4.401100,0.9502188196
2017-09-15,4.796250,4.557400,0.9502006776
2017-09-22,4.661670,4.429600,0.9502174114
2017-09-29,4.760420,4.523400,0.9502102756
2017-10-06,4.972920,4.725300,0.9502063174
2017-10-13,5.042917,4.791800,0.9502040188
2017-10-20,5.073750,4.821100,0.9502044839
2017-10-27,5.320000,5.055100,0.9502067669
2017-11-03,5.530000,5.254700,0.9502169982
2017-11-10,5.572920,5.295400,0.9502020485
2017-11-17,5.592920,5.314400,0.9502013260
2017-11-24,5.842920,5.552000,0.9502098266
2017-12-01,5.636250,5.355600,0.9502062542
2017-12-08,5.650000,5.368700,0.9502123894
2017-12-15,5.966250,5.669200,0.9502116070
2017-12-22,5.972080,5.674700,0.9502049537
2017-12-29,5.780000,5.492200,0.9502076125
2018-01-05,6.481250,6.158500,0.9502025072
2018-01-12,6.782920,6.445200,0.9502102339
2018-01-19,7.015833,6.666500,0.9502079083
2018-01-26,7.582920,7.205400,0.9502144293
2018-02-02,6.757080,6.420600,0.9502033423
2018-02-09,5.672080,5.389700,0.9502157939
2018-02-16,6.677500,6.345000,0.9502059154
2018-02-23,7.047917,6.697000,0.9502098280
2018-03-02,6.774170,6.436900,0.9502123507
2018-03-09,7.655420,7.274300,0.9502156642
2018-03-16,7.380000,7.012500,0.9502032520
2018-03-23,5.850830,5.559500,0.9502070646
2018-03-29,5.996670,5.698100,0.9502107003
2018-04-06,5.559170,5.282400,0.9502137909
2018-04-13,6.060417,5.758700,0.9502151420
2018-04-20,6.146250,5.840200,0.9502054098
2018-04-27,6.101250,5.797500,0.9502151199
2018-05-04,6.399170,6.080600,0.9502169813
2018-05-11,6.937500,6.592100,0.9502126126
2018-05-18,6.680830,6.348200,0.9502112761
2018-05-25,6.943750,6.598000,0.9502070207
2018-06-01,7.311250,6.947200,0.9502068730
2018-06-08,7.517500,7.143200,0.9502095111
2018-06-15,7.842500,7.452000,0.9502072043
2018-06-22,7.635000,7.254900,0.9502161100
2018-06-29,7.138750,6.783300,0.9502083698
2018-07-06,7.635000,7.254900,0.9502161100
2018-07-13,8.157500,7.751300,0.9502053325
2018-07-20,8.067500,7.665800,0.9502076232
2018-07-27,7.867500,7.475800,0.9502129012
2018-08-03,8.166250,7.759700,0.9502158273
2018-08-10,8.216250,7.807200,0.9502145139
2018-08-17,8.112500,7.708600,0.9502126348
2018-08-24,8.462500,8.041200,0.9502156573
2018-08-31,9.037500,8.587500,0.9502074689
2018-09-07,8.258750,7.847600,0.9502164371
2018-09-14,8.626250,8.196800,0.9502159107
2018-09-21,8.566250,8.139700,0.9502057493
2018-09-28,8.892500,8.449700,0.9502052291
2018-10-05,8.093750,7.690800,0.9502146718
2018-10-12,7.253750,6.892600,0.9502119593
2018-10-19,7.050000,6.699000,0.9502127660
2018-10-26,6.218750,5.909100,0.9502070352
2018-11-02,6.506250,6.182300,0.9502094140
2018-11-09,6.702500,6.368800,0.9502126072
2018-11-16,6.206250,5.897200,0.9502034240
2018-11-23,5.298750,5.034900,0.9502052371
2018-11-30,6.336250,6.020800,0.9502150326
2018-12-07,5.426250,5.156100,0.9502142364
2018-12-14,5.362500,5.095500,0.9502097902
2018-12-21,4.102500,3.898200,0.9502010969
2018-12-28,4.527500,4.307000,0.9512976256
2019-01-04,4.783750,4.550700,0.9512829893
2019-01-11,5.186250,4.933600,0.9512846469
2019-01-18,5.613750,5.340300,0.9512892452
2019-01-25,5.595000,5.322500,0.9512957998
2019-02-01,5.801250,5.518700,0.9512949795
2019-02-08,5.903750,5.616200,0.9512936693
2019-02-15,6.253750,5.949100,0.9512852289
2019-02-22,6.350000,6.040700,0.9512913386
2019-03-01,6.507500,6.190500,0.9512869766
2019-03-08,6.143750,5.844500,0.9512919634
2019-03-15,6.915000,6.578200,0.9512942878
2019-03-22,6.968750,6.631700,0.9516340807
2019-03-29,7.082500,6.739900,0.9516272503
2019-04-05,7.673750,7.302600,0.9516338166
2019-04-12,7.808750,7.431000,0.9516247799
2019-04-18,7.995000,7.608300,0.9516322702
2019-04-26,8.410000,8.003200,0.9516290131
2019-05-03,8.446250,8.037700,0.9516294213
2019-05-10,7.642500,7.272800,0.9516257769
2019-05-17,7.355000,6.999200,0.9516247451
2019-05-24,6.757500,6.430600,0.9516241213
2019-05-31,6.277500,5.973900,0.9516367981
2019-06-07,7.021250,6.681600,0.9516254228
2019-06-14,7.203750,6.855300,0.9516293597
2019-06-21,7.918750,7.535700,0.9516274665
2019-06-28,7.721250,7.347800,0.9516334790
2019-07-05,8.252500,7.853300,0.9516267798
2019-07-12,8.561250,8.147100,0.9516250548
2019-07-19,8.217500,7.820000,0.9516276240
2019-07-26,8.758750,8.335100,0.9516312259
2019-08-02,7.715000,7.341800,0.9516267012
2019-08-09,7.546250,7.181200,0.9516249793
2019-08-16,7.371250,7.014700,0.9516296422
2019-08-23,6.972500,6.635200,0.9516242381
2019-08-30,7.561250,7.195500,0.9516283683
2019-09-06,8.050000,7.660600,0.9516273292
2019-09-13,8.160000,7.765300,0.9516299020
2019-09-20,7.927500,7.544000,0.9516240933
2019-09-27,7.503750,7.140800,0.9516308512
2019-10-04,7.677500,7.306100,0.9516248779
2019-10-11,7.930000,7.546400,0.9516267339
2019-10-18,7.998750,7.611800,0.9516236912
2019-10-25,8.477500,8.067400,0.9516248894
2019-11-01,8.896250,8.465900,0.9516256850
2019-11-08,9.207500,8.762100,0.9516263915
2019-11-15,9.401250,8.946500,0.9516287728
2019-11-22,9.275000,8.826400,0.9516334232
2019-11-29,9.717500,9.247500,0.9516336506
2019-12-06,9.668750,9.201100,0.9516328378
2019-12-13,9.982500,9.499600,0.9516253444
2019-12-20,10.641250,10.126500,0.9516269235
2019-12-27,10.976250,10.449100,0.9519735793
2020-01-03,11.046250,10.515800,0.9519791785
2020-01-10,11.695000,11.133400,0.9519794784
2020-01-17,12.487500,11.887800,0.9519759760
2020-01-24,12.353750,11.760500,0.9519781443
2020-01-31,11.705000,11.142900,0.9519777873
2020-02-07,13.377500,12.735100,0.9519790693
2020-02-14,14.317500,13.629900,0.9519748559
2020-02-21,13.517500,12.868300,0.9519733679
2020-02-28,9.625000,9.162800,0.9519792208
2020-03-06,9.605000,9.143700,0.9519729308
2020-03-13,7.105000,6.763800,0.9519774806
2020-03-20,4.438750,4.225600,0.9519797240
2020-03-27,5.542500,5.276300,0.9519711322
2020-04-03,5.302500,5.047900,0.9519849128
2020-04-09,6.833750,6.505600,0.9519809768
2020-04-17,8.341250,7.940700,0.9519796194
2020-04-24,8.137500,7.746700,0.9519754224
2020-05-01,7.938750,7.557500,0.9519760668
2020-05-08,9.348750,8.899800,0.9519775371
2020-05-15,9.111250,8.673700,0.9519769516
2020-05-22,9.902500,9.426900,0.9519717243
2020-05-29,10.346250,9.849400,0.9519777697
2020-06-05,11.236250,10.696600,0.9519724107
2020-06-12,10.600000,10.090900,0.9519716981
2020-06-19,11.740000,11.176200,0.9519761499
2020-06-26,11.185000,10.647900,0.9519803308
2020-07-02,12.911250,12.291200,0.9519759899
2020-07-10,14.768750,14.059500,0.9519763013
2020-07-17,13.980000,13.308600,0.9519742489
2020-07-24,13.286250,12.648200,0.9519766676
2020-07-31,14.922500,14.205900,0.9519785559
2020-08-07,15.873750,15.111400,0.9519741712
2020-08-14,15.941250,15.175700,0.9519767898
2020-08-21,17.665000,16.816700,0.9519784885
2020-08-28,19.713750,18.767000,0.9519751443
2020-09-04,17.705000,16.854700,0.9519740186
2020-09-11,15.213750,14.483100,0.9519743653
2020-09-18,14.560000,13.860800,0.9519780220
2020-09-25,15.307500,14.572400,0.9519777887
2020-10-02,15.716250,14.961500,0.9519764575
2020-10-09,17.637500,16.790500,0.9519773210
2020-10-16,18.137500,17.266500,0.9519779462
2020-10-23,17.412500,16.576300,0.9519770280
2020-10-30,14.681250,13.976200,0.9519761601
2020-11-06,18.925000,18.016100,0.9519735799
2020-11-13,18.142500,17.271200,0.9519746452
2020-11-20,18.033751,17.167700,0.9519761030
2020-11-27,19.651250,18.707500,0.9519750652
2020-12-04,20.948750,19.942700,0.9519756549
2020-12-11,20.162500,19.194200,0.9519752015
2020-12-18,21.791250,20.744800,0.9519784317
2020-12-24,21.831250,20.782900,0.9519793873
2020-12-31,22.725000,21.633700,0.9519779978
2021-01-08,23.785000,22.642800,0.9519781375
2021-01-15,22.171250,21.106500,0.9519760952
2021-01-22,25.130000,23.923200,0.9519777159
2021-01-29,22.617500,21.531400,0.9519796618
2021-02-05,26.325000,25.060800,0.9519772080
2021-02-12,27.527500,26.205600,0.9519789302
2021-02-19,26.205000,24.946600,0.9519786300
2021-02-26,22.305000,21.233900,0.9519793768
2021-03-05,20.940000,19.934400,0.9519770774
2021-03-12,22.130000,21.067300,0.9519792137
2021-03-19,21.620000,20.581800,0.9519796485
2021-03-26,22.162500,21.098200,0.9519774394
2021-04-01,23.975000,22.823700,0.9519791449
2021-04-09,26.817500,25.529700,0.9519791181
2021-04-16,27.952500,26.610200,0.9519792505
2021-04-23,27.265000,25.955700,0.9519787273
2021-04-30,26.915000,25.622500,0.9519784507
2021-05-07,25.950000,24.703800,0.9519768786
2021-05-14,23.992500,22.840300,0.9519766594
2021-05-21,24.112500,22.954600,0.9519792639
2021-05-28,25.647500,24.415800,0.9519758261
2021-06-04,25.995000,24.746700,0.9519792268
2021-06-11,27.305000,25.993800,0.9519794909
2021-06-18,27.597500,26.272200,0.9519775342
2021-06-25,29.377500,27.966700,0.9519768530
2021-07-02,31.680000,30.158700,0.9519791667
2021-07-09,32.287500,30.737000,0.9519783198
2021-07-16,31.382500,29.875400,0.9519764200
2021-07-23,34.140000,32.500500,0.9519771529
2021-07-30,33.185000,31.591400,0.9519783035
2021-08-06,34.107500,32.469600,0.9519783039
2021-08-13,34.285000,32.638600,0.9519789996
2021-08-20,33.950000,32.319600,0.9519764359
2021-08-27,36.275000,34.533000,0.9519779462
2021-09-03,37.862500,36.044300,0.9519788709
2021-09-10,36.387500,34.640100,0.9519780144
2021-09-17,35.560000,33.852300,0.9519769404
2021-09-24,35.447500,33.745200,0.9519768672
2021-10-01,31.710000,30.187200,0.9519772942
2021-10-08,31.870000,30.339500,0.9519767807
2021-10-15,33.927500,32.298200,0.9519770098
2021-10-22,35.320000,33.623900,0.9519790487
2021-10-29,38.790000,36.927200,0.9519773137
2021-11-05,42.640000,40.592300,0.9519770169
2021-11-12,41.362500,39.376200,0.9519782412
2021-11-19,44.285000,42.158300,0.9519769674
2021-11-26,40.210000,38.279000,0.9519771201
2021-12-03,37.520000,35.718200,0.9519776119
2021-12-10,41.867500,39.856900,0.9519770705
2021-12-17,37.700000,35.889600,0.9519787798
2021-12-23,41.370000,39.383300,0.9519772782
2021-12-31,41.582500,39.585600,0.9519773943
2022-01-07,36.017502,34.287900,0.9519788463
2022-01-14,35.935000,34.209300,0.9519771810
2022-01-21,28.335000,26.974300,0.9519781189
2022-01-28,28.185000,26.831500,0.9519780025
2022-02-04,29.350000,27.940600,0.9519795571
2022-02-11,26.640000,25.360700,0.9519782282
2022-02-18,25.220000,24.008900,0.9519785884
2022-02-25,25.955000,24.708600,0.9519784242
2022-03-04,24.045000,22.890300,0.9519775421
2022-03-11,21.170000,20.153400,0.9519792159
2022-03-18,26.585000,25.308300,0.9519766786
2022-03-25,28.465000,27.098100,0.9519796241
2022-04-01,28.965000,27.574100,0.9519799758
2022-04-08,25.920000,24.675300,0.9519791667
2022-04-14,23.500000,22.371500,0.9519787234
2022-04-22,20.755000,19.758300,0.9519778367
2022-04-29,18.265000,17.387900,0.9519791952
2022-05-06,17.305000,16.474000,0.9519791968
2022-05-13,15.815000,15.055500,0.9519759722
2022-05-20,13.670000,13.013500,0.9519751280
2022-05-27,16.645000,15.845700,0.9519795734
2022-06-03,16.070000,15.298300,0.9519788426
2022-06-10,13.395000,12.751800,0.9519820829
2022-06-17,11.335000,10.790700,0.9519805911
2022-06-24,13.990000,13.318200,0.9519799857
2022-07-01,12.195000,11.609400,0.9519803198
2022-07-08,13.945000,13.275300,0.9519756185
2022-07-15,13.395000,12.751800,0.9519820829
2022-07-22,14.765000,14.056000,0.9519810362
2022-07-29,16.680000,15.879000,0.9519784173
2022-08-05,17.645000,16.797700,0.9519807311
2022-08-12,18.990000,18.078100,0.9519799895
2022-08-19,17.675000,16.826200,0.9519773692
2022-08-26,15.120000,14.393900,0.9519775132
2022-09-02,13.340000,12.699400,0.9519790105
2022-09-09,14.920000,14.203500,0.9519772118
2022-09-16,12.300000,11.709300,0.9519756098
2022-09-23,10.655000,10.143300,0.9519755983
2022-09-30,9.660000,9.196100,0.9519772257
2022-10-07,9.750000,9.281800,0.9519794872
2022-10-14,8.785000,8.363100,0.9519749573
2022-10-21,10.285000,9.791100,0.9519786096
2022-10-28,10.850000,10.329000,0.9519815668
2022-11-04,8.975000,8.544000,0.9519777159
2022-11-11,11.335000,10.790700,0.9519805911
2022-11-18,10.920000,10.395600,0.9519780220
2022-11-25,11.130000,10.595500,0.9519766397
2022-12-02,11.705000,11.142900,0.9519777873
2022-12-09,10.445000,9.943400,0.9519770225
2022-12-16,9.530000,9.072400,0.9519832109
2022-12-23,8.795000,8.419400,0.9572939170
2022-12-30,8.650000,8.280600,0.9572947977
2023-01-06,8.820000,8.443300,0.9572902494
2023-01-13,10.050000,9.620800,0.9572935323
2023-01-20,10.195000,9.759600,0.9572927906
2023-01-27,11.665000,11.166800,0.9572910416
2023-02-03,12.760000,12.215100,0.9572962382
2023-02-10,11.910000,11.401400,0.9572963896
2023-02-17,12.020000,11.506700,0.9572961730
2023-02-24,10.885000,10.420100,0.9572898484
2023-03-03,11.730000,11.229000,0.9572890026
2023-03-10,10.440000,9.994100,0.9572892720
2023-03-17,12.285000,11.760300,0.9572893773
2023-03-24,12.910000,12.433700,0.9631061193
2023-03-31,14.130000,13.608700,0.9631068648
2023-04-06,13.715000,13.209000,0.9631060882
2023-04-14,13.735000,13.228200,0.9631015653
2023-04-21,13.435000,12.939300,0.9631038333
2023-04-28,14.125000,13.603800,0.9631008850
2023-05-05,14.105000,13.584600,0.9631052818
2023-05-12,14.365000,13.835000,0.9631047685
2023-05-19,15.870000,15.284500,0.9631064902
2023-05-26,17.490000,16.844700,0.9631046312
2023-06-02,18.410000,17.730700,0.9631015752
2023-06-09,18.310000,17.634400,0.9631021300
2023-06-16,20.400000,19.647300,0.9631029412
2023-06-23,19.475000,18.818000,0.9662644416
2023-06-30,20.500000,19.808500,0.9662682927
2023-07-07,19.935000,19.262500,0.9662653624
2023-07-14,22.010000,21.267500,0.9662653339
2023-07-21,21.345000,20.624900,0.9662637620
2023-07-28,22.610000,21.847300,0.9662671384
2023-08-04,20.570000,19.876100,0.9662664074
2023-08-11,19.545000,18.885700,0.9662675876
2023-08-18,18.200000,17.586000,0.9662637363
2023-08-25,19.020000,18.378400,0.9662670873
2023-09-01,21.145000,20.431700,0.9662662568
2023-09-08,20.250000,19.566900,0.9662666667
2023-09-15,19.875000,19.204500,0.9662641509
2023-09-22,17.815000,17.274800,0.9696772383
2023-09-29,17.810000,17.272400,0.9698147108
2023-10-06,18.675000,18.111300,0.9698152610
2023-10-13,18.705000,18.140400,0.9698155573
2023-10-20,17.045000,16.530500,0.9698151951
2023-10-27,15.650000,15.177600,0.9698146965
2023-11-03,18.790000,18.222800,0.9698137307
2023-11-10,20.385000,19.769700,0.9698160412
2023-11-17,21.580000,20.928600,0.9698146432
2023-11-24,22.090000,21.423200,0.9698143957
2023-12-01,22.120000,21.452300,0.9698146474
2023-12-08,22.415000,21.738400,0.9698148561
2023-12-15,24.620000,23.876800,0.9698131600
2023-12-22,25.175000,24.527500,0.9742800397
2023-12-29,25.350000,24.698000,0.9742800789
2024-01-05,22.990000,22.398700,0.9742801218
2024-01-12,25.170000,24.522600,0.9742789035
2024-01-19,27.270000,26.568600,0.9742794279
2024-01-26,27.720000,27.007000,0.9742784993
2024-02-02,28.620000,27.883900,0.9742802236
2024-02-09,30.135000,29.359900,0.9742790775
2024-02-16,28.705000,27.966700,0.9742797422
2024-02-23,29.810000,29.043300,0.9742804428
2024-03-01,31.565000,30.753100,0.9742784730
2024-03-08,30.030001,29.257600,0.9742790218
2024-03-15,28.880000,28.137200,0.9742797784
2024-03-22,31.315000,30.615900,0.9776752355
2024-03-28,30.780000,30.092900,0.9776770630
2024-04-05,29.930000,29.261900,0.9776779151
2024-04-12,29.360000,28.704600,0.9776771117
2024-04-19,24.740000,24.187700,0.9776758286
2024-04-26,27.640000,27.023000,0.9776772793
2024-05-03,28.350000,27.717100,0.9776754850
2024-05-10,29.585000,28.924600,0.9776778773
2024-05-17,31.470000,30.767500,0.9776771528
2024-05-24,32.675000,31.945600,0.9776771232
2024-05-31,31.265000,30.567100,0.9776779146
2024-06-07,33.560000,32.810800,0.9776758045
2024-06-14,37.084999,36.257100,0.9776756364
2024-06-21,37.200000,36.369600,0.9776774194
2024-06-28,36.910000,36.223100,0.9813898672
2024-07-05,40.815000,40.055400,0.9813891951
2024-07-12,40.320000,39.569600,0.9813888889
2024-07-19,35.530000,34.868800,0.9813903743
2024-07-26,32.540000,31.934400,0.9813890596
2024-08-02,29.370000,28.823400,0.9813891726
2024-08-09,29.425000,28.877400,0.9813899745
2024-08-16,34.320000,33.681300,0.9813898601
2024-08-23,35.265000,34.608700,0.9813894797
2024-08-30,34.305000,33.666600,0.9813904679
2024-09-06,28.495000,27.964700,0.9813897175
2024-09-13,33.675000,33.048300,0.9813897550
2024-09-20,35.064999,34.412400,0.9813888773
2024-09-27,35.965000,35.409000,0.9845405255
2024-10-04,35.985000,35.428700,0.9845407809
2024-10-11,37.150000,36.575700,0.9845410498
2024-10-18,37.320000,36.743100,0.9845418006
2024-10-25,37.370000,36.792300,0.9845410757
2024-11-01,35.465000,34.916800,0.9845425067
2024-11-08,41.375000,40.735400,0.9845413897
2024-11-15,37.135000,36.561000,0.9845428841
2024-11-22,39.125000,38.520200,0.9845418530
2024-11-29,39.945000,39.327500,0.9845412442
2024-12-06,43.870000,43.191900,0.9845429679
2024-12-13,44.700000,44.009000,0.9845413870
2024-12-20,41.515000,40.873300,0.9845429363
2024-12-27,42.330000,41.810600,0.9877297425
2025-01-03,41.200000,40.694500,0.9877305825
2025-01-10,38.415000,37.943600,0.9877287518
2025-01-17,41.570000,41.059900,0.9877291316
2025-01-24,43.375000,42.842800,0.9877302594
2025-01-31,41.360000,40.852500,0.9877296905
2025-02-07,41.365000,40.857400,0.9877287562
2025-02-14,44.915000,44.363900,0.9877301570
2025-02-21,41.855000,41.341400,0.9877290646
2025-02-28,37.460000,37.000400,0.9877309130
2025-03-07,33.705000,33.291400,0.9877288236
2025-03-14,30.945000,30.565300,0.9877298433
2025-03-21,31.090000,30.708500,0.9877291734
2025-03-28,28.670000,28.406600,0.9908126962
2025-04-04,20.545000,20.356200,0.9908104162
2025-04-11,24.290000,24.066800,0.9908110333
2025-04-17,22.580000,22.372500,0.9908104517
2025-04-25,26.930000,26.682500,0.9908095061
2025-05-02,29.715000,29.442000,0.9908127208
2025-05-09,29.485000,29.214100,0.9908122774
2025-05-16,35.725000,35.396700,0.9908103569
2025-05-23,33.160000,32.855300,0.9908112183
2025-05-30,35.000000,34.678400,0.9908114286
2025-06-06,37.105000,36.764000,0.9908098639
2025-06-13,36.415000,36.080400,0.9908114788
2025-06-20,36.225000,35.892100,0.9908102139
2025-06-27,40.710000,40.448100,0.9935666912
2025-07-03,42.405000,42.132200,0.9935667964
2025-07-11,41.860000,41.590700,0.9935666507
2025-07-18,43.375000,43.096000,0.9935677233
2025-07-25,44.460000,44.174000,0.9935672515
2025-08-01,41.460000,41.193300,0.9935672938
2025-08-08,46.080002,45.783600,0.9935676652
2025-08-15,46.630000,46.330000,0.9935663736
2025-08-22,45.190000,44.899300,0.9935671609
2025-08-29,44.680000,44.392600,0.9935675918
2025-09-05,45.910000,45.614700,0.9935678501
2025-09-12,48.380000,48.068800,0.9935675899
2025-09-19,51.490000,51.158800,0.9935676830
2025-09-26,50.625000,50.347900,0.9945264198
2025-10-03,52.350000,52.063400,0.9945253104
2025-10-10,48.535000,48.269300,0.9945256001
2025-10-17,51.995000,51.710400,0.9945263968
2025-10-24,55.280000,54.977400,0.9945260492
2025-10-31,58.360000,58.040500,0.9945253598
2025-11-07,52.890000,52.600500,0.9945263755
2025-11-14,52.370000,52.083300,0.9945254917
2025-11-21,47.480000,47.220100,0.9945261163
2025-11-28,54.540000,54.241400,0.9945251192
2025-12-05,56.150000,55.842600,0.9945253785
2025-12-12,52.820000,52.530800,0.9945248012
2025-12-19,53.520000,53.227000,0.9945254111
2025-12-26,55.310000,55.092200,0.9960621949
2026-01-02,52.350000,52.143900,0.9960630372
2026-01-09,55.760000,55.540400,0.9960616930
2026-01-16,54.140000,53.926800,0.9960620613
2026-01-23,54.380000,54.165900,0.9960628908
2026-01-30,54.000000,53.787400,0.9960629630
2026-02-06,50.590000,50.390800,0.9960624629
2026-02-13,48.470000,48.279100,0.9960614813
2026-02-20,50.060001,49.862900,0.9960627048
2026-02-27,49.520000,49.325000,0.9960621971
2026-03-06,47.540000,47.352800,0.9960622634
2026-03-13,45.930000,45.749100,0.9960613978
2026-03-20,43.080002,42.910400,0.9960630921
2026-03-27,38.780000,38.689600,0.9976689015
2026-04-02,43.330000,43.229000,0.9976690515
2026-04-10,49.170000,49.055400,0.9976693106
2026-04-17,58.590000,58.453500,0.9976702509
2026-04-24,62.560000,62.414200,0.9976694373
2026-05-01,65.300000,65.147800,0.9976692190
2026-05-08,76.280000,76.102200,0.9976691138
2026-05-15,75.340000,75.164400,0.9976692328
2026-05-22,77.840000,77.658600,0.9976695786
2026-05-29,84.560000,84.362900,0.9976691107
2026-06-05,73.050003,72.879800,0.9976700480
2026-06-12,77.520000,77.339300,0.9976689886
2026-06-18,82.870000,82.676900,0.9976698443
2026-06-26,71.830000,71.830000,1.0000000000
2026-07-02,73.350000,73.350000,1.0000000000
2026-07-10,77.029999,77.030000,1.0000000130
2026-07-17,67.530000,67.530000,1.0000000000
2026-07-24,64.000000,64.000000,1.0000000000
2026-07-31,64.620000,64.620000,1.0000000000
2026-08-07,74.470000,74.470000,1.0000000000
2026-08-14,76.790000,76.790000,1.0000000000
2026-08-21,71.170000,71.170000,1.0000000000
2026-08-28,71.850000,71.850000,1.0000000000
2026-09-04,72.370000,72.370000,1.0000000000
2026-09-11,70.980000,70.980000,1.0000000000
