date,adj_close
2010-02-19,0.222
2010-02-26,0.2209
2010-03-05,0.246
2010-03-12,0.2608
2010-03-19,0.2637
2010-03-26,0.2723
2010-04-01,0.2746
2010-04-09,0.2892
2010-04-16,0.2982
2010-04-23,0.3162
2010-04-30,0.2919
2010-05-07,0.2279
2010-05-14,0.2471
2010-05-21,0.2124
2010-05-28,0.2252
2010-06-04,0.2167
2010-06-11,0.2206
2010-06-18,0.2447
2010-06-25,0.2183
2010-07-02,0.1799
2010-07-09,0.2069
2010-07-16,0.2029
2010-07-23,0.2262
2010-07-30,0.2225
2010-08-06,0.2362
2010-08-13,0.2056
2010-08-20,0.2079
2010-08-27,0.1962
2010-09-03,0.2225
2010-09-10,0.2301
2010-09-17,0.2535
2010-09-24,0.2788
2010-10-01,0.2695
2010-10-08,0.2806
2010-10-15,0.311
2010-10-22,0.313
2010-10-29,0.3232
2010-11-05,0.351
2010-11-12,0.328
2010-11-19,0.3265
2010-11-26,0.3358
2010-12-03,0.352
2010-12-10,0.3645
2010-12-17,0.3666
2010-12-23,0.3712
2010-12-31,0.3658
2011-01-07,0.3938
2011-01-14,0.4183
2011-01-21,0.3893
2011-01-28,0.3893
2011-02-04,0.4242
2011-02-11,0.448
2011-02-18,0.455
2011-02-25,0.4281
2011-03-04,0.4345
2011-03-11,0.4007
2011-03-18,0.3599
2011-03-25,0.4086
2011-04-01,0.4217
2011-04-08,0.4099
2011-04-15,0.4028
2011-04-21,0.4398
2011-04-29,0.4571
2011-05-06,0.4423
2011-05-13,0.4405
2011-05-20,0.4253
2011-05-27,0.4174
2011-06-03,0.3932
2011-06-10,0.3577
2011-06-17,0.3435
2011-06-24,0.3533
2011-07-01,0.4256
2011-07-08,0.4503
2011-07-15,0.423
2011-07-22,0.4619
2011-07-29,0.4248
2011-08-05,0.3356
2011-08-12,0.3211
2011-08-19,0.2591
2011-08-26,0.3069
2011-09-02,0.3089
2011-09-09,0.306
2011-09-16,0.3691
2011-09-23,0.3223
2011-09-30,0.2929
2011-10-07,0.3172
2011-10-14,0.3933
2011-10-21,0.3745
2011-10-28,0.4053
2011-11-04,0.3803
2011-11-11,0.3788
2011-11-18,0.3321
2011-11-25,0.2879
2011-12-02,0.3502
2011-12-09,0.3573
2011-12-16,0.3199
2011-12-23,0.341
2011-12-30,0.3363
2012-01-06,0.3724
2012-01-13,0.3796
2012-01-20,0.4115
2012-01-27,0.4245
2012-02-03,0.4592
2012-02-10,0.4686
2012-02-17,0.4902
2012-02-24,0.5019
2012-03-02,0.5235
2012-03-09,0.526
2012-03-16,0.5659
2012-03-23,0.5769
2012-03-30,0.5918
2012-04-05,0.5958
2012-04-13,0.5545
2012-04-20,0.5404
2012-04-27,0.5784
2012-05-04,0.5148
2012-05-11,0.5013
2012-05-18,0.4258
2012-05-25,0.4516
2012-06-01,0.4151
2012-06-08,0.4675
2012-06-15,0.472
2012-06-22,0.4788
2012-06-29,0.4947
2012-07-06,0.4921
2012-07-13,0.4751
2012-07-20,0.4947
2012-07-27,0.5087
2012-08-03,0.524
2012-08-10,0.555
2012-08-17,0.5913
2012-08-24,0.5903
2012-08-31,0.5874
2012-09-07,0.6181
2012-09-14,0.6377
2012-09-21,0.6428
2012-09-28,0.6
2012-10-05,0.6091
2012-10-12,0.5506
2012-10-19,0.5235
2012-10-26,0.5162
2012-11-02,0.5083
2012-11-09,0.4687
2012-11-16,0.4437
2012-11-23,0.5011
2012-11-30,0.5223
2012-12-07,0.5009
2012-12-14,0.4951
2012-12-21,0.5144
2012-12-28,0.4808
2013-01-04,0.5464
2013-01-11,0.5612
2013-01-18,0.5572
2013-01-25,0.554
2013-02-01,0.5695
2013-02-08,0.5774
2013-02-15,0.571
2013-02-22,0.5545
2013-03-01,0.5604
2013-03-08,0.5946
2013-03-15,0.5919
2013-03-22,0.5935
2013-03-28,0.6031
2013-04-05,0.5746
2013-04-12,0.628
2013-04-19,0.5764
2013-04-26,0.6148
2013-05-03,0.6829
2013-05-10,0.7102
2013-05-17,0.7466
2013-05-24,0.7195
2013-05-31,0.714
2013-06-07,0.7174
2013-06-14,0.6846
2013-06-21,0.6371
2013-06-28,0.6567
2013-07-05,0.6952
2013-07-12,0.7753
2013-07-19,0.7544
2013-07-26,0.7762
2013-08-02,0.8266
2013-08-09,0.811
2013-08-16,0.7765
2013-08-23,0.8151
2013-08-30,0.7757
2013-09-06,0.8207
2013-09-13,0.857
2013-09-20,0.8943
2013-09-27,0.897
2013-10-04,0.9073
2013-10-11,0.8978
2013-10-18,0.9998
2013-10-25,1.0252
2013-11-01,1.0218
2013-11-08,1.0106
2013-11-15,1.0624
2013-11-22,1.0633
2013-11-29,1.128
2013-12-06,1.1402
2013-12-13,1.0944
2013-12-20,1.1683
2013-12-27,1.2106
2014-01-03,1.1731
2014-01-10,1.1991
2014-01-17,1.2202
2014-01-24,1.1702
2014-01-31,1.1498
2014-02-07,1.1859
2014-02-14,1.2909
2014-02-21,1.2943
2014-02-28,1.3269
2014-03-07,1.3366
2014-03-14,1.2545
2014-03-21,1.2741
2014-03-28,1.1922
2014-04-04,1.1613
2014-04-11,1.0663
2014-04-17,1.1445
2014-04-25,1.1429
2014-05-02,1.196
2014-05-09,1.1651
2014-05-16,1.2003
2014-05-23,1.2905
2014-05-30,1.3521
2014-06-06,1.419
2014-06-13,1.3946
2014-06-20,1.4269
2014-06-27,1.4691
2014-07-03,1.565
2014-07-11,1.5417
2014-07-18,1.5811
2014-07-25,1.611
2014-08-01,1.5075
2014-08-08,1.517
2014-08-15,1.6375
2014-08-22,1.7224
2014-08-29,1.761
2014-09-05,1.7665
2014-09-12,1.7432
2014-09-19,1.7786
2014-09-26,1.7115
2014-10-03,1.6784
2014-10-10,1.4845
2014-10-17,1.4192
2014-10-24,1.681
2014-10-31,1.8247
2014-11-07,1.8348
2014-11-14,1.9233
2014-11-21,1.9628
2014-11-28,2.0855
2014-12-05,2.0438
2014-12-12,1.8868
2014-12-19,1.9892
2014-12-26,2.0328
2015-01-02,1.9131
2015-01-09,1.887
2015-01-16,1.7894
2015-01-23,1.9735
2015-01-30,1.7949
2015-02-06,1.9022
2015-02-13,2.1152
2015-02-20,2.2037
2015-02-27,2.2031
2015-03-06,2.1387
2015-03-13,2.016
2015-03-20,2.2211
2015-03-27,2.0309
2015-04-02,2.0077
2015-04-10,2.1597
2015-04-17,2.0546
2015-04-24,2.3233
2015-05-01,2.2306
2015-05-08,2.2005
2015-05-15,2.2548
2015-05-22,2.3092
2015-05-29,2.2801
2015-06-05,2.232
2015-06-12,2.1934
2015-06-19,2.273
2015-06-26,2.2403
2015-07-02,2.157
2015-07-10,2.1306
2015-07-17,2.4941
2015-07-24,2.3351
2015-07-31,2.3868
2015-08-07,2.2801
2015-08-14,2.2892
2015-08-21,1.8197
2015-08-28,1.9513
2015-09-04,1.7561
2015-09-11,1.9283
2015-09-18,1.9311
2015-09-25,1.7983
2015-10-02,1.841
2015-10-09,1.9752
2015-10-16,2.0649
2015-10-23,2.3336
2015-10-30,2.3686
2015-11-06,2.4601
2015-11-13,2.1508
2015-11-20,2.428
2015-11-27,2.4149
2015-12-04,2.4604
2015-12-11,2.189
2015-12-18,2.1526
2015-12-24,2.3054
2015-12-31,2.2613
2016-01-08,1.8092
2016-01-15,1.6332
2016-01-22,1.7717
2016-01-29,1.7834
2016-02-05,1.4829
2016-02-12,1.4722
2016-02-19,1.6385
2016-02-26,1.7213
2016-03-04,1.8309
2016-03-11,1.8682
2016-03-18,1.9313
2016-03-24,1.9242
2016-04-01,2.0946
2016-04-08,2.0137
2016-04-15,2.1033
2016-04-22,2.0081
2016-04-29,1.8333
2016-05-06,1.8204
2016-05-13,1.8129
2016-05-20,1.8624
2016-05-27,2.0564
2016-06-03,2.0527
2016-06-10,1.9907
2016-06-17,1.8707
2016-06-24,1.7476
2016-07-01,1.9329
2016-07-08,2.0525
2016-07-15,2.1362
2016-07-22,2.2425
2016-07-29,2.3361
2016-08-05,2.4306
2016-08-12,2.4559
2016-08-19,2.4581
2016-08-26,2.4276
2016-09-02,2.445
2016-09-09,2.2663
2016-09-16,2.4626
2016-09-23,2.5274
2016-09-30,2.5456
2016-10-07,2.5311
2016-10-14,2.4414
2016-10-21,2.5042
2016-10-28,2.442
2016-11-04,2.2241
2016-11-11,2.345
2016-11-18,2.4375
2016-11-25,2.527
2016-12-02,2.3294
2016-12-09,2.5634
2016-12-16,2.5913
2016-12-23,2.6305
2016-12-30,2.5186
2017-01-06,2.7378
2017-01-13,2.8205
2017-01-20,2.8237
2017-01-27,2.9999
2017-02-03,2.9892
2017-02-10,3.1104
2017-02-17,3.2877
2017-02-24,3.3222
2017-03-03,3.3764
2017-03-10,3.4006
2017-03-17,3.4441
2017-03-24,3.3566
2017-03-31,3.4924
2017-04-07,3.4596
2017-04-13,3.3348
2017-04-21,3.4972
2017-04-28,3.7743
2017-05-05,3.8998
2017-05-12,3.9889
2017-05-19,3.9105
2017-05-26,4.2023
2017-06-02,4.4015
2017-06-09,4.0887
2017-06-16,3.9509
2017-06-23,4.2078
2017-06-30,3.8666
2017-07-07,3.8792
2017-07-14,4.2601
2017-07-21,4.4367
2017-07-28,4.4098
2017-08-04,4.384
2017-08-11,4.2348
2017-08-18,4.1433
2017-08-25,4.2074
2017-09-01,4.5685
2017-09-08,4.4011
2017-09-15,4.5574
2017-09-22,4.4296
2017-09-29,4.5234
2017-10-06,4.7253
2017-10-13,4.7918
2017-10-20,4.8211
2017-10-27,5.0551
2017-11-03,5.2547
2017-11-10,5.2954
2017-11-17,5.3144
2017-11-24,5.552
2017-12-01,5.3556
2017-12-08,5.3687
2017-12-15,5.6692
2017-12-22,5.6747
2017-12-29,5.4922
2018-01-05,6.1585
2018-01-12,6.4452
2018-01-19,6.6665
2018-01-26,7.2054
2018-02-02,6.4206
2018-02-09,5.3897
2018-02-16,6.345
2018-02-23,6.697
2018-03-02,6.4369
2018-03-09,7.2743
2018-03-16,7.0125
2018-03-23,5.5595
2018-03-29,5.6981
2018-04-06,5.2824
2018-04-13,5.7587
2018-04-20,5.8402
2018-04-27,5.7975
2018-05-04,6.0806
2018-05-11,6.5921
2018-05-18,6.3482
2018-05-25,6.598
2018-06-01,6.9472
2018-06-08,7.1432
2018-06-15,7.452
2018-06-22,7.2549
2018-06-29,6.7833
2018-07-06,7.2549
2018-07-13,7.7513
2018-07-20,7.6658
2018-07-27,7.4758
2018-08-03,7.7597
2018-08-10,7.8072
2018-08-17,7.7086
2018-08-24,8.0412
2018-08-31,8.5875
2018-09-07,7.8476
2018-09-14,8.1968
2018-09-21,8.1397
2018-09-28,8.4497
2018-10-05,7.6908
2018-10-12,6.8926
2018-10-19,6.699
2018-10-26,5.9091
2018-11-02,6.1823
2018-11-09,6.3688
2018-11-16,5.8972
2018-11-23,5.0349
2018-11-30,6.0208
2018-12-07,5.1561
2018-12-14,5.0955
2018-12-21,3.8982
2018-12-28,4.307
2019-01-04,4.5507
2019-01-11,4.9336
2019-01-18,5.3403
2019-01-25,5.3225
2019-02-01,5.5187
2019-02-08,5.6162
2019-02-15,5.9491
2019-02-22,6.0407
2019-03-01,6.1905
2019-03-08,5.8445
2019-03-15,6.5782
2019-03-22,6.6317
2019-03-29,6.7399
2019-04-05,7.3026
2019-04-12,7.431
2019-04-18,7.6083
2019-04-26,8.0032
2019-05-03,8.0377
2019-05-10,7.2728
2019-05-17,6.9992
2019-05-24,6.4306
2019-05-31,5.9739
2019-06-07,6.6816
2019-06-14,6.8553
2019-06-21,7.5357
2019-06-28,7.3478
2019-07-05,7.8533
2019-07-12,8.1471
2019-07-19,7.82
2019-07-26,8.3351
2019-08-02,7.3418
2019-08-09,7.1812
2019-08-16,7.0147
2019-08-23,6.6352
2019-08-30,7.1955
2019-09-06,7.6606
2019-09-13,7.7653
2019-09-20,7.544
2019-09-27,7.1408
2019-10-04,7.3061
2019-10-11,7.5464
2019-10-18,7.6118
2019-10-25,8.0674
2019-11-01,8.4659
2019-11-08,8.7621
2019-11-15,8.9465
2019-11-22,8.8264
2019-11-29,9.2475
2019-12-06,9.2011
2019-12-13,9.4996
2019-12-20,10.1265
2019-12-27,10.4491
2020-01-03,10.5158
2020-01-10,11.1334
2020-01-17,11.8878
2020-01-24,11.7605
2020-01-31,11.1429
2020-02-07,12.7351
2020-02-14,13.6299
2020-02-21,12.8683
2020-02-28,9.1628
2020-03-06,9.1437
2020-03-13,6.7638
2020-03-20,4.2256
2020-03-27,5.2763
2020-04-03,5.0479
2020-04-09,6.5056
2020-04-17,7.9407
2020-04-24,7.7467
2020-05-01,7.5575
2020-05-08,8.8998
2020-05-15,8.6737
2020-05-22,9.4269
2020-05-29,9.8494
2020-06-05,10.6966
2020-06-12,10.0909
2020-06-19,11.1762
2020-06-26,10.6479
2020-07-02,12.2912
2020-07-10,14.0595
2020-07-17,13.3086
2020-07-24,12.6482
2020-07-31,14.2059
2020-08-07,15.1114
2020-08-14,15.1757
2020-08-21,16.8167
2020-08-28,18.767
2020-09-04,16.8547
2020-09-11,14.4831
2020-09-18,13.8608
2020-09-25,14.5724
2020-10-02,14.9615
2020-10-09,16.7905
2020-10-16,17.2665
2020-10-23,16.5763
2020-10-30,13.9762
2020-11-06,18.0161
2020-11-13,17.2712
2020-11-20,17.1677
2020-11-27,18.7075
2020-12-04,19.9427
2020-12-11,19.1942
2020-12-18,20.7448
2020-12-24,20.7829
2020-12-31,21.6337
2021-01-08,22.6428
2021-01-15,21.1065
2021-01-22,23.9232
2021-01-29,21.5314
2021-02-05,25.0608
2021-02-12,26.2056
2021-02-19,24.9466
2021-02-26,21.2339
2021-03-05,19.9344
2021-03-12,21.0673
2021-03-19,20.5818
2021-03-26,21.0982
2021-04-01,22.8237
2021-04-09,25.5297
2021-04-16,26.6102
2021-04-23,25.9557
2021-04-30,25.6225
2021-05-07,24.7038
2021-05-14,22.8403
2021-05-21,22.9546
2021-05-28,24.4158
2021-06-04,24.7467
2021-06-11,25.9938
2021-06-18,26.2722
2021-06-25,27.9667
2021-07-02,30.1587
2021-07-09,30.737
2021-07-16,29.8754
2021-07-23,32.5005
2021-07-30,31.5914
2021-08-06,32.4696
2021-08-13,32.6386
2021-08-20,32.3196
2021-08-27,34.533
2021-09-03,36.0443
2021-09-10,34.6401
2021-09-17,33.8523
2021-09-24,33.7452
2021-10-01,30.1872
2021-10-08,30.3395
2021-10-15,32.2982
2021-10-22,33.6239
2021-10-29,36.9272
2021-11-05,40.5923
2021-11-12,39.3762
2021-11-19,42.1583
2021-11-26,38.279
2021-12-03,35.7182
2021-12-10,39.8569
2021-12-17,35.8896
2021-12-23,39.3833
2021-12-31,39.5856
2022-01-07,34.2879
2022-01-14,34.2093
2022-01-21,26.9743
2022-01-28,26.8315
2022-02-04,27.9406
2022-02-11,25.3607
2022-02-18,24.0089
2022-02-25,24.7086
2022-03-04,22.8903
2022-03-11,20.1534
2022-03-18,25.3083
2022-03-25,27.0981
2022-04-01,27.5741
2022-04-08,24.6753
2022-04-14,22.3715
2022-04-22,19.7583
2022-04-29,17.3879
2022-05-06,16.474
2022-05-13,15.0555
2022-05-20,13.0135
2022-05-27,15.8457
2022-06-03,15.2983
2022-06-10,12.7518
2022-06-17,10.7907
2022-06-24,13.3182
2022-07-01,11.6094
2022-07-08,13.2753
2022-07-15,12.7518
2022-07-22,14.056
2022-07-29,15.879
2022-08-05,16.7977
2022-08-12,18.0781
2022-08-19,16.8262
2022-08-26,14.3939
2022-09-02,12.6994
2022-09-09,14.2035
2022-09-16,11.7093
2022-09-23,10.1433
2022-09-30,9.1961
2022-10-07,9.2818
2022-10-14,8.3631
2022-10-21,9.7911
2022-10-28,10.329
2022-11-04,8.544
2022-11-11,10.7907
2022-11-18,10.3956
2022-11-25,10.5955
2022-12-02,11.1429
2022-12-09,9.9434
2022-12-16,9.0724
2022-12-23,8.4194
2022-12-30,8.2806
2023-01-06,8.4433
2023-01-13,9.6208
2023-01-20,9.7596
2023-01-27,11.1668
2023-02-03,12.2151
2023-02-10,11.4014
2023-02-17,11.5067
2023-02-24,10.4201
2023-03-03,11.229
2023-03-10,9.9941
2023-03-17,11.7603
2023-03-24,12.4337
2023-03-31,13.6087
2023-04-06,13.209
2023-04-14,13.2282
2023-04-21,12.9393
2023-04-28,13.6038
2023-05-05,13.5846
2023-05-12,13.835
2023-05-19,15.2845
2023-05-26,16.8447
2023-06-02,17.7307
2023-06-09,17.6344
2023-06-16,19.6473
2023-06-23,18.818
2023-06-30,19.8085
2023-07-07,19.2625
2023-07-14,21.2675
2023-07-21,20.6249
2023-07-28,21.8473
2023-08-04,19.8761
2023-08-11,18.8857
2023-08-18,17.586
2023-08-25,18.3784
2023-09-01,20.4317
2023-09-08,19.5669
2023-09-15,19.2045
2023-09-22,17.2748
2023-09-29,17.2724
2023-10-06,18.1113
2023-10-13,18.1404
2023-10-20,16.5305
2023-10-27,15.1776
2023-11-03,18.2228
2023-11-10,19.7697
2023-11-17,20.9286
2023-11-24,21.4232
2023-12-01,21.4523
2023-12-08,21.7384
2023-12-15,23.8768
2023-12-22,24.5275
2023-12-29,24.698
2024-01-05,22.3987
2024-01-12,24.5226
2024-01-19,26.5686
2024-01-26,27.007
2024-02-02,27.8839
2024-02-09,29.3599
2024-02-16,27.9667
2024-02-23,29.0433
2024-03-01,30.7531
2024-03-08,29.2576
2024-03-15,28.1372
2024-03-22,30.6159
2024-03-28,30.0929
2024-04-05,29.2619
2024-04-12,28.7046
2024-04-19,24.1877
2024-04-26,27.023
2024-05-03,27.7171
2024-05-10,28.9246
2024-05-17,30.7675
2024-05-24,31.9456
2024-05-31,30.5671
2024-06-07,32.8108
2024-06-14,36.2571
2024-06-21,36.3696
2024-06-28,36.2231
2024-07-05,40.0554
2024-07-12,39.5696
2024-07-19,34.8688
2024-07-26,31.9344
2024-08-02,28.8234
2024-08-09,28.8774
2024-08-16,33.6813
2024-08-23,34.6087
2024-08-30,33.6666
2024-09-06,27.9647
2024-09-13,33.0483
2024-09-20,34.4124
2024-09-27,35.409
2024-10-04,35.4287
2024-10-11,36.5757
2024-10-18,36.7431
2024-10-25,36.7923
2024-11-01,34.9168
2024-11-08,40.7354
2024-11-15,36.561
2024-11-22,38.5202
2024-11-29,39.3275
2024-12-06,43.1919
2024-12-13,44.009
2024-12-20,40.8733
2024-12-27,41.8106
2025-01-03,40.6945
2025-01-10,37.9436
2025-01-17,41.0599
2025-01-24,42.8428
2025-01-31,40.8525
2025-02-07,40.8574
2025-02-14,44.3639
2025-02-21,41.3414
2025-02-28,37.0004
2025-03-07,33.2914
2025-03-14,30.5653
2025-03-21,30.7085
2025-03-28,28.4066
2025-04-04,20.3562
2025-04-11,24.0668
2025-04-17,22.3725
2025-04-25,26.6825
2025-05-02,29.442
2025-05-09,29.2141
2025-05-16,35.3967
2025-05-23,32.8553
2025-05-30,34.6784
2025-06-06,36.764
2025-06-13,36.0804
2025-06-20,35.8921
2025-06-27,40.4481
2025-07-03,42.1322
2025-07-11,41.5907
2025-07-18,43.096
2025-07-25,44.174
2025-08-01,41.1933
2025-08-08,45.7836
2025-08-15,46.33
2025-08-22,44.8993
2025-08-29,44.3926
2025-09-05,45.6147
2025-09-12,48.0688
2025-09-19,51.1588
2025-09-26,50.3479
2025-10-03,52.0634
2025-10-10,48.2693
2025-10-17,51.7104
2025-10-24,54.9774
2025-10-31,58.0405
2025-11-07,52.6005
2025-11-14,52.0833
2025-11-21,47.2201
2025-11-28,54.2414
2025-12-05,55.8426
2025-12-12,52.5308
2025-12-19,53.227
2025-12-26,55.0922
2026-01-02,52.1439
2026-01-09,55.5404
2026-01-16,53.9268
2026-01-23,54.1659
2026-01-30,53.7874
2026-02-06,50.3908
2026-02-13,48.2791
2026-02-20,49.8629
2026-02-27,49.325
2026-03-06,47.3528
2026-03-13,45.7491
2026-03-20,42.9104
2026-03-27,38.6896
2026-04-02,43.229
2026-04-10,49.0554
2026-04-17,58.4535
2026-04-24,62.4142
2026-05-01,65.1478
2026-05-08,76.1022
2026-05-15,75.1644
2026-05-22,77.6586
2026-05-29,84.3629
2026-06-05,72.8798
2026-06-12,77.3393
2026-06-18,82.6769
2026-06-26,71.83
2026-07-02,73.35
2026-07-10,77.03
2026-07-17,67.53
2026-07-24,64.0
2026-07-31,64.62
2026-08-07,74.47
2026-08-14,76.79
2026-08-21,71.17
2026-08-28,71.85
2026-09-04,72.37
2026-09-11,70.98
