date,close
2010-02-11,0.216276
2010-02-12,0.217161
2010-02-16,0.225573
2010-02-17,0.22940101
2010-02-18,0.23375
2010-02-19,0.23375
2010-02-22,0.232109
2010-02-23,0.223047
2010-02-24,0.229792
2010-02-25,0.229661
2010-02-26,0.232526
2010-03-01,0.24250001
2010-03-02,0.243958
2010-03-03,0.245313
2010-03-04,0.24802101
2010-03-05,0.258984
2010-03-08,0.26036501
2010-03-09,0.264974
2010-03-10,0.271458
2010-03-11,0.273958
2010-03-12,0.27458301
2010-03-15,0.27273399
2010-03-16,0.27789101
2010-03-17,0.279818
2010-03-18,0.28265601
2010-03-19,0.27765599
2010-03-22,0.28515601
2010-03-23,0.29111999
2010-03-24,0.28697899
2010-03-25,0.285182
2010-03-26,0.28666699
2010-03-29,0.29059899
2010-03-30,0.29364601
2010-03-31,0.28968799
2010-04-01,0.28911501
2010-04-05,0.297474
2010-04-06,0.29973999
2010-04-07,0.29804701
2010-04-08,0.299115
2010-04-09,0.30450499
2010-04-12,0.305729
2010-04-13,0.310339
2010-04-14,0.32127601
2010-04-15,0.325573
2010-04-16,0.31398401
2010-04-19,0.31349
2010-04-20,0.31812501
2010-04-21,0.323724
2010-04-22,0.32851601
2010-04-23,0.332865
2010-04-26,0.33039099
2010-04-27,0.31
2010-04-28,0.310729
2010-04-29,0.32658899
2010-04-30,0.30734399
2010-05-03,0.31989601
2010-05-04,0.29161501
2010-05-05,0.286823
2010-05-06,0.258724
2010-05-07,0.239896
2010-05-10,0.275677
2010-05-11,0.27549499
2010-05-12,0.29033899
2010-05-13,0.27721399
2010-05-14,0.26015601
2010-05-17,0.26367199
2010-05-18,0.25359401
2010-05-19,0.24690101
2010-05-20,0.221927
2010-05-21,0.223646
2010-05-24,0.225495
2010-05-25,0.223906
2010-05-26,0.216979
2010-05-27,0.24046899
2010-05-28,0.23710901
2010-06-01,0.230547
2010-06-02,0.24677099
2010-06-03,0.25317699
2010-06-04,0.228177
2010-06-07,0.214948
2010-06-08,0.21375
2010-06-09,0.20903599
2010-06-10,0.22638001
2010-06-11,0.232292
2010-06-14,0.23242199
2010-06-15,0.249401
2010-06-16,0.25442699
2010-06-17,0.25697899
2010-06-18,0.257682
2010-06-21,0.250911
2010-06-22,0.244974
2010-06-23,0.241693
2010-06-24,0.229974
2010-06-25,0.229818
2010-06-28,0.22776
2010-06-29,0.202344
2010-06-30,0.19234399
2010-07-01,0.190469
2010-07-02,0.189427
2010-07-06,0.19041701
2010-07-07,0.20841099
2010-07-08,0.211927
2010-07-09,0.21786501
2010-07-12,0.220339
2010-07-13,0.227865
2010-07-14,0.23151
2010-07-15,0.232318
2010-07-16,0.21362001
2010-07-19,0.218438
2010-07-20,0.225339
2010-07-21,0.217448
2010-07-22,0.232109
2010-07-23,0.238151
2010-07-26,0.243385
2010-07-27,0.243333
2010-07-28,0.238359
2010-07-29,0.232682
2010-07-30,0.234271
2010-08-02,0.246875
2010-08-03,0.244323
2010-08-04,0.25138
2010-08-05,0.249896
2010-08-06,0.248724
2010-08-09,0.25307301
2010-08-10,0.24770799
2010-08-11,0.227318
2010-08-12,0.220911
2010-08-13,0.21651
2010-08-16,0.21773399
2010-08-17,0.226016
2010-08-18,0.228047
2010-08-19,0.219661
2010-08-20,0.218906
2010-08-23,0.212865
2010-08-24,0.200651
2010-08-25,0.20666701
2010-08-26,0.199922
2010-08-27,0.206536
2010-08-30,0.199844
2010-08-31,0.198854
2010-09-01,0.21552099
2010-09-02,0.22291701
2010-09-03,0.234271
2010-09-07,0.228568
2010-09-08,0.236641
2010-09-09,0.23963501
2010-09-10,0.24221399
2010-09-13,0.252891
2010-09-14,0.25609401
2010-09-15,0.260443
2010-09-16,0.26411501
2010-09-17,0.266927
2010-09-20,0.28083301
2010-09-21,0.279948
2010-09-22,0.27862
2010-09-23,0.27778599
2010-09-24,0.29351601
2010-09-27,0.29015601
2010-09-28,0.290885
2010-09-29,0.288542
2010-09-30,0.28463501
2010-10-01,0.28375
2010-10-04,0.27390599
2010-10-05,0.29429701
2010-10-06,0.28679699
2010-10-07,0.28960899
2010-10-08,0.295443
2010-10-11,0.296042
2010-10-12,0.30218801
2010-10-13,0.309531
2010-10-14,0.30781299
2010-10-15,0.32744801
2010-10-18,0.32744801
2010-10-19,0.31442699
2010-10-20,0.32096401
2010-10-21,0.323203
2010-10-22,0.329505
2010-10-25,0.33450499
2010-10-26,0.33651
2010-10-27,0.33997399
2010-10-28,0.34192699
2010-10-29,0.34028599
2010-11-01,0.341068
2010-11-02,0.35140601
2010-11-03,0.356484
2010-11-04,0.369115
2010-11-05,0.36955699
2010-11-08,0.37049499
2010-11-09,0.36450499
2010-11-10,0.370078
2010-11-11,0.36385399
2010-11-12,0.345339
2010-11-15,0.34164101
2010-11-16,0.32468799
2010-11-17,0.32776001
2010-11-18,0.34299499
2010-11-19,0.34380201
2010-11-22,0.35286501
2010-11-23,0.336198
2010-11-24,0.35583299
2010-11-26,0.35359401
2010-11-29,0.348672
2010-11-30,0.335417
2010-12-01,0.356745
2010-12-02,0.367578
2010-12-03,0.37065101
2010-12-06,0.37
2010-12-07,0.37033901
2010-12-08,0.375469
2010-12-09,0.37585899
2010-12-10,0.38374999
2010-12-13,0.37924501
2010-12-14,0.380833
2010-12-15,0.37695301
2010-12-16,0.38481799
2010-12-17,0.38598999
2010-12-20,0.38703099
2010-12-21,0.39341101
2010-12-22,0.393828
2010-12-23,0.39083299
2010-12-27,0.39098999
2010-12-28,0.38929701
2010-12-29,0.391615
2010-12-30,0.38867199
2010-12-31,0.385104
2011-01-03,0.4025
2011-01-04,0.40187499
2011-01-05,0.41184899
2011-01-06,0.415573
2011-01-07,0.41460899
2011-01-10,0.41927099
2011-01-11,0.42119801
2011-01-12,0.42974001
2011-01-13,0.43109399
2011-01-14,0.44044301
2011-01-18,0.44395801
2011-01-19,0.42908901
2011-01-20,0.419453
2011-01-21,0.40987
2011-01-24,0.426797
2011-01-25,0.42828101
2011-01-26,0.43492201
2011-01-27,0.44330701
2011-01-28,0.40987
2011-01-31,0.41593799
2011-02-01,0.43903601
2011-02-02,0.43705699
2011-02-03,0.43875
2011-02-04,0.44666699
2011-02-07,0.45315099
2011-02-08,0.46281299
2011-02-09,0.46000001
2011-02-10,0.46224001
2011-02-11,0.471719
2011-02-14,0.47468799
2011-02-15,0.47346401
2011-02-16,0.482214
2011-02-17,0.48179701
2011-02-18,0.479063
2011-02-22,0.43687499
2011-02-23,0.426094
2011-02-24,0.432161
2011-02-25,0.45067701
2011-02-28,0.453958
2011-03-01,0.43213499
2011-03-02,0.43822899
2011-03-03,0.46437499
2011-03-04,0.45750001
2011-03-07,0.439271
2011-03-08,0.443854
2011-03-09,0.43489599
2011-03-10,0.41499999
2011-03-11,0.42192701
2011-03-14,0.417813
2011-03-15,0.400729
2011-03-16,0.37130201
2011-03-17,0.38099
2011-03-18,0.37890601
2011-03-21,0.40005201
2011-03-22,0.398958
2011-03-23,0.405
2011-03-24,0.42703101
2011-03-25,0.43015599
2011-03-28,0.422865
2011-03-29,0.435
2011-03-30,0.44140601
2011-03-31,0.44328099
2011-04-01,0.44395801
2011-04-04,0.43994799
2011-04-05,0.434948
2011-04-06,0.43822899
2011-04-07,0.43812501
2011-04-08,0.43156299
2011-04-11,0.42765599
2011-04-12,0.41921899
2011-04-13,0.42921901
2011-04-14,0.426875
2011-04-15,0.424115
2011-04-18,0.41593799
2011-04-19,0.42343801
2011-04-20,0.45161501
2011-04-21,0.46307299
2011-04-25,0.46651
2011-04-26,0.47453099
2011-04-27,0.484375
2011-04-28,0.48364601
2011-04-29,0.48130199
2011-05-02,0.47869799
2011-05-03,0.47150999
2011-05-04,0.46875
2011-05-05,0.46171901
2011-05-06,0.465729
2011-05-09,0.470781
2011-05-10,0.48286501
2011-05-11,0.47244799
2011-05-12,0.48078099
2011-05-13,0.46375
2011-05-16,0.43963501
2011-05-17,0.44322899
2011-05-18,0.45401001
2011-05-19,0.457917
2011-05-20,0.447813
2011-05-23,0.42838499
2011-05-24,0.420313
2011-05-25,0.42500001
2011-05-26,0.432969
2011-05-27,0.43942699
2011-05-31,0.46057299
2011-06-01,0.431146
2011-06-02,0.43364599
2011-06-03,0.41395801
2011-06-06,0.40395799
2011-06-07,0.40161499
2011-06-08,0.39296901
2011-06-09,0.39468801
2011-06-10,0.37656301
2011-06-13,0.37682301
2011-06-14,0.39083299
2011-06-15,0.369479
2011-06-16,0.36432299
2011-06-17,0.361615
2011-06-20,0.36640599
2011-06-21,0.39083299
2011-06-22,0.38203099
2011-06-23,0.39260399
2011-06-24,0.37192699
2011-06-27,0.38999999
2011-06-28,0.4075
2011-06-29,0.412604
2011-06-30,0.42828101
2011-07-01,0.448125
2011-07-05,0.45458299
2011-07-06,0.459427
2011-07-07,0.478021
2011-07-08,0.47406301
2011-07-11,0.44864601
2011-07-12,0.43770799
2011-07-13,0.443542
2011-07-14,0.42828101
2011-07-15,0.44531301
2011-07-18,0.437969
2011-07-19,0.46885401
2011-07-20,0.46229199
2011-07-21,0.47166699
2011-07-22,0.48630199
2011-07-25,0.48343799
2011-07-26,0.486094
2011-07-27,0.44921899
2011-07-28,0.45161501
2011-07-29,0.44724
2011-08-01,0.44119799
2011-08-02,0.40770799
2011-08-03,0.41828099
2011-08-04,0.36135399
2011-08-05,0.353385
2011-08-08,0.291302
2011-08-09,0.33119801
2011-08-10,0.292135
2011-08-11,0.32963499
2011-08-12,0.33802101
2011-08-15,0.352604
2011-08-16,0.34354201
2011-08-17,0.33796901
2011-08-18,0.28895801
2011-08-19,0.27276
2011-08-22,0.275208
2011-08-23,0.30927101
2011-08-24,0.31656301
2011-08-25,0.30135399
2011-08-26,0.323125
2011-08-29,0.35062501
2011-08-30,0.35776001
2011-08-31,0.359844
2011-09-01,0.34968799
2011-09-02,0.32520801
2011-09-06,0.325156
2011-09-07,0.34974
2011-09-08,0.34489599
2011-09-09,0.32218799
2011-09-12,0.33427101
2011-09-13,0.34724
2011-09-14,0.36223999
2011-09-15,0.37869799
2011-09-16,0.388594
2011-09-19,0.38958299
2011-09-20,0.38406301
2011-09-21,0.36453101
2011-09-22,0.329063
2011-09-23,0.33932301
2011-09-26,0.350833
2011-09-27,0.361563
2011-09-28,0.344531
2011-09-29,0.33432299
2011-09-30,0.30833301
2011-10-03,0.28416699
2011-10-04,0.301458
2011-10-05,0.324375
2011-10-06,0.34104201
2011-10-07,0.33401
2011-10-10,0.36828101
2011-10-11,0.37614599
2011-10-12,0.38218799
2011-10-13,0.39244801
2011-10-14,0.41406301
2011-10-17,0.394896
2011-10-18,0.409219
2011-10-19,0.385625
2011-10-20,0.38072899
2011-10-21,0.39427099
2011-10-24,0.418906
2011-10-25,0.395156
2011-10-26,0.393594
2011-10-27,0.425313
2011-10-28,0.42671901
2011-10-31,0.40557301
2011-11-01,0.374167
2011-11-02,0.383385
2011-11-03,0.406719
2011-11-04,0.400417
2011-11-07,0.40932301
2011-11-08,0.42296901
2011-11-09,0.379219
2011-11-10,0.37765601
2011-11-11,0.39885399
2011-11-14,0.39208299
2011-11-15,0.404688
2011-11-16,0.38474
2011-11-17,0.35828099
2011-11-18,0.34968799
2011-11-21,0.329375
2011-11-22,0.33223999
2011-11-23,0.31015599
2011-11-25,0.30312499
2011-11-28,0.334427
2011-11-29,0.328385
2011-11-30,0.364427
2011-12-01,0.37224001
2011-12-02,0.368698
2011-12-05,0.38078099
2011-12-06,0.37786499
2011-12-07,0.378438
2011-12-08,0.35916701
2011-12-09,0.37619799
2011-12-12,0.36385399
2011-12-13,0.35156301
2011-12-14,0.335208
2011-12-15,0.33260399
2011-12-16,0.33677101
2011-12-19,0.32744801
2011-12-20,0.35651001
2011-12-21,0.341667
2011-12-22,0.34999999
2011-12-23,0.359063
2011-12-27,0.36182299
2011-12-28,0.35020801
2011-12-29,0.35703099
2011-12-30,0.35411501
2012-01-03,0.37427101
2012-01-04,0.37875
2012-01-05,0.388073
2012-01-06,0.39208299
2012-01-09,0.38880199
2012-01-10,0.39677101
2012-01-11,0.39953101
2012-01-12,0.40427101
2012-01-13,0.39963499
2012-01-17,0.41036499
2012-01-18,0.426667
2012-01-19,0.43520799
2012-01-20,0.433281
2012-01-23,0.433229
2012-01-24,0.43083301
2012-01-25,0.447292
2012-01-26,0.442552
2012-01-27,0.44692701
2012-01-30,0.44765601
2012-01-31,0.44921899
2012-02-01,0.46026
2012-02-02,0.465
2012-02-03,0.48348999
2012-02-06,0.48302099
2012-02-07,0.48510399
2012-02-08,0.493177
2012-02-09,0.50411499
2012-02-10,0.49333301
2012-02-13,0.50661498
2012-02-14,0.511042
2012-02-15,0.49963501
2012-02-16,0.52052099
2012-02-17,0.51609403
2012-02-21,0.52046901
2012-02-22,0.51359397
2012-02-23,0.52333301
2012-02-24,0.52843797
2012-02-27,0.53099
2012-02-28,0.546875
2012-02-29,0.53968799
2012-03-01,0.55281299
2012-03-02,0.55114597
2012-03-05,0.53395802
2012-03-06,0.518646
2012-03-07,0.53041703
2012-03-08,0.54724002
2012-03-09,0.55385399
2012-03-12,0.55474001
2012-03-13,0.58599001
2012-03-14,0.59255201
2012-03-15,0.59708297
2012-03-16,0.59578103
2012-03-19,0.60874999
2012-03-20,0.61208302
2012-03-21,0.611875
2012-03-22,0.60817701
2012-03-23,0.60734397
2012-03-26,0.639063
2012-03-27,0.64151001
2012-03-28,0.63401002
2012-03-29,0.6275
2012-03-30,0.62312502
2012-04-02,0.64213502
2012-04-03,0.64218801
2012-04-04,0.61598998
2012-04-05,0.62724
2012-04-09,0.612813
2012-04-10,0.58322901
2012-04-11,0.591667
2012-04-12,0.61150998
2012-04-13,0.58385402
2012-04-16,0.56546903
2012-04-17,0.59880197
2012-04-18,0.59442699
2012-04-19,0.57520801
2012-04-20,0.56901002
2012-04-23,0.55468798
2012-04-24,0.54489601
2012-04-25,0.58817703
2012-04-26,0.59869802
2012-04-27,0.60895801
2012-04-30,0.59630197
2012-05-01,0.59968799
2012-05-02,0.60364598
2012-05-03,0.58489603
2012-05-04,0.54197901
2012-05-07,0.54276001
2012-05-08,0.536771
2012-05-09,0.53380197
2012-05-10,0.52833301
2012-05-11,0.52781302
2012-05-14,0.51322901
2012-05-15,0.50875002
2012-05-16,0.49770799
2012-05-17,0.46708301
2012-05-18,0.448333
2012-05-21,0.48604199
2012-05-22,0.48427099
2012-05-23,0.48697901
2012-05-24,0.47822899
2012-05-25,0.475521
2012-05-29,0.493229
2012-05-30,0.48124999
2012-05-31,0.47437501
2012-06-01,0.43708301
2012-06-04,0.44645801
2012-06-05,0.452604
2012-06-06,0.483542
2012-06-07,0.47812501
2012-06-08,0.49218801
2012-06-11,0.46864599
2012-06-12,0.48343799
2012-06-13,0.47395799
2012-06-14,0.47927099
2012-06-15,0.496979
2012-06-18,0.50979197
2012-06-19,0.52656299
2012-06-20,0.52843797
2012-06-21,0.48885399
2012-06-22,0.50406301
2012-06-25,0.47416699
2012-06-26,0.48333299
2012-06-27,0.49218801
2012-06-28,0.47447899
2012-06-29,0.52083302
2012-07-02,0.52499998
2012-07-03,0.53750002
2012-07-05,0.53937501
2012-07-06,0.518125
2012-07-09,0.51635402
2012-07-10,0.500521
2012-07-11,0.493646
2012-07-12,0.479375
2012-07-13,0.50020802
2012-07-16,0.49645799
2012-07-17,0.50406301
2012-07-18,0.52458298
2012-07-19,0.54166698
2012-07-20,0.52083302
2012-07-23,0.50156301
2012-07-24,0.49010399
2012-07-25,0.47916701
2012-07-26,0.497917
2012-07-27,0.53562498
2012-07-30,0.53239602
2012-07-31,0.53270799
2012-08-01,0.52749997
2012-08-02,0.52197897
2012-08-03,0.55166698
2012-08-06,0.56406301
2012-08-07,0.57802099
2012-08-08,0.57708299
2012-08-09,0.58197898
2012-08-10,0.58437502
2012-08-13,0.58791697
2012-08-14,0.58875
2012-08-15,0.59291703
2012-08-16,0.61416698
2012-08-17,0.62260401
2012-08-20,0.625
2012-08-21,0.61781299
2012-08-22,0.624479
2012-08-23,0.61062503
2012-08-24,0.62145799
2012-08-27,0.624479
2012-08-28,0.62437499
2012-08-29,0.62458301
2012-08-30,0.60552102
2012-08-31,0.61843801
2012-09-04,0.61583298
2012-09-05,0.61302102
2012-09-06,0.65354198
2012-09-07,0.650729
2012-09-10,0.62677097
2012-09-11,0.62406301
2012-09-12,0.62947899
2012-09-13,0.65458298
2012-09-14,0.671354
2012-09-17,0.67260402
2012-09-18,0.67385399
2012-09-19,0.67833298
2012-09-20,0.67677099
2012-09-21,0.67677099
2012-09-24,0.664271
2012-09-25,0.637604
2012-09-26,0.62083298
2012-09-27,0.64718801
2012-09-28,0.63166702
2012-10-01,0.62895799
2012-10-02,0.633021
2012-10-03,0.64499998
2012-10-04,0.65249997
2012-10-05,0.64125001
2012-10-08,0.62427098
2012-10-09,0.592188
2012-10-10,0.58499998
2012-10-11,0.57979202
2012-10-12,0.57968801
2012-10-15,0.59125
2012-10-16,0.616979
2012-10-17,0.61510402
2012-10-18,0.59406298
2012-10-19,0.55114597
2012-10-22,0.55979198
2012-10-23,0.54322898
2012-10-24,0.53781301
2012-10-25,0.53781301
2012-10-26,0.54343802
2012-10-31,0.53291702
2012-11-01,0.55552101
2012-11-02,0.53520799
2012-11-05,0.54833299
2012-11-06,0.55166698
2012-11-07,0.51208299
2012-11-08,0.488125
2012-11-09,0.49343801
2012-11-12,0.494167
2012-11-13,0.48343799
2012-11-14,0.46614599
2012-11-15,0.461979
2012-11-16,0.467188
2012-11-19,0.50083297
2012-11-20,0.500938
2012-11-21,0.50447899
2012-11-23,0.52760398
2012-11-26,0.53437501
2012-11-27,0.52833301
2012-11-28,0.54250002
2012-11-29,0.551875
2012-11-30,0.549896
2012-12-03,0.54718798
2012-12-04,0.54364598
2012-12-05,0.52687502
2012-12-06,0.53656298
2012-12-07,0.52739602
2012-12-10,0.53208297
2012-12-11,0.55260402
2012-12-12,0.54885399
2012-12-13,0.53645802
2012-12-14,0.52125001
2012-12-17,0.54156297
2012-12-18,0.56666702
2012-12-19,0.55854201
2012-12-20,0.55895799
2012-12-21,0.54156297
2012-12-24,0.53697902
2012-12-26,0.52427101
2012-12-27,0.52135402
2012-12-28,0.50625002
2012-12-31,0.539271
2013-01-02,0.58958298
2013-01-03,0.58104199
2013-01-04,0.57531297
2013-01-07,0.57593799
2013-01-08,0.572604
2013-01-09,0.57843798
2013-01-10,0.58864599
2013-01-11,0.59083301
2013-01-14,0.58322901
2013-01-15,0.57458299
2013-01-16,0.58104199
2013-01-17,0.58999997
2013-01-18,0.586667
2013-01-22,0.58906299
2013-01-23,0.59864599
2013-01-24,0.57479203
2013-01-25,0.58333302
2013-01-28,0.58749998
2013-01-29,0.58749998
2013-01-30,0.58427101
2013-01-31,0.58052099
2013-02-01,0.59958303
2013-02-04,0.56906301
2013-02-05,0.59406298
2013-02-06,0.58854198
2013-02-07,0.58999997
2013-02-08,0.60791701
2013-02-11,0.60770798
2013-02-12,0.60062498
2013-02-13,0.60760403
2013-02-14,0.606354
2013-02-15,0.60114598
2013-02-19,0.61427099
2013-02-20,0.58625001
2013-02-21,0.56718802
2013-02-22,0.58385402
2013-02-25,0.56208301
2013-02-26,0.56885397
2013-02-27,0.586146
2013-02-28,0.58395803
2013-03-01,0.58999997
2013-03-04,0.59760398
2013-03-05,0.62385398
2013-03-06,0.61989599
2013-03-07,0.62531298
2013-03-08,0.62604201
2013-03-11,0.63249999
2013-03-12,0.62479198
2013-03-13,0.62281299
2013-03-14,0.62916702
2013-03-15,0.62322903
2013-03-18,0.618958
2013-03-19,0.616458
2013-03-20,0.62822902
2013-03-21,0.60812497
2013-03-22,0.62489599
2013-03-25,0.61854202
2013-03-26,0.628021
2013-03-27,0.63135397
2013-03-28,0.63499999
2013-04-01,0.62270802
2013-04-02,0.63677102
2013-04-03,0.61989599
2013-04-04,0.62020802
2013-04-05,0.60500002
2013-04-08,0.61427099
2013-04-09,0.62635398
2013-04-10,0.66302103
2013-04-11,0.66187501
2013-04-12,0.66114599
2013-04-15,0.620938
2013-04-16,0.64687502
2013-04-17,0.60906303
2013-04-18,0.582708
2013-04-19,0.606875
2013-04-22,0.625521
2013-04-23,0.64395797
2013-04-24,0.64239597
2013-04-25,0.65281302
2013-04-26,0.64729202
2013-04-29,0.66447902
2013-04-30,0.67906302
2013-05-01,0.67041701
2013-05-02,0.69468802
2013-05-03,0.71895802
2013-05-06,0.72822899
2013-05-07,0.72645801
2013-05-08,0.737813
2013-05-09,0.73520797
2013-05-10,0.74770802
2013-05-13,0.75062501
2013-05-14,0.76166701
2013-05-15,0.76729202
2013-05-16,0.76447898
2013-05-17,0.78604198
2013-05-20,0.78250003
2013-05-21,0.78541702
2013-05-22,0.76625001
2013-05-23,0.75791699
2013-05-24,0.75749999
2013-05-28,0.77312499
2013-05-29,0.76145798
2013-05-30,0.77385402
2013-05-31,0.75177097
2013-06-03,0.75614601
2013-06-04,0.74479198
2013-06-05,0.71625
2013-06-06,0.72500002
2013-06-07,0.75531298
2013-06-10,0.75562501
2013-06-11,0.73374999
2013-06-12,0.70833302
2013-06-13,0.73374999
2013-06-14,0.720833
2013-06-17,0.74083298
2013-06-18,0.75833303
2013-06-19,0.73447901
2013-06-20,0.68031299
2013-06-21,0.67072898
2013-06-24,0.64999998
2013-06-25,0.663854
2013-06-26,0.681979
2013-06-27,0.689583
2013-06-28,0.69145799
2013-07-01,0.70625001
2013-07-02,0.706563
2013-07-03,0.71614599
2013-07-05,0.73197901
2013-07-08,0.734375
2013-07-09,0.74781299
2013-07-10,0.76041698
2013-07-11,0.80781299
2013-07-12,0.81625003
2013-07-15,0.822604
2013-07-16,0.81937498
2013-07-17,0.82520801
2013-07-18,0.81916702
2013-07-19,0.79427099
2013-07-22,0.80000001
2013-07-23,0.782188
2013-07-24,0.78958303
2013-07-25,0.80385399
2013-07-26,0.81718802
2013-07-29,0.813438
2013-07-30,0.82552099
2013-07-31,0.83072901
2013-08-01,0.85604203
2013-08-02,0.87031299
2013-08-05,0.87218797
2013-08-06,0.85666698
2013-08-07,0.851771
2013-08-08,0.86312503
2013-08-09,0.853854
2013-08-12,0.85916698
2013-08-13,0.873438
2013-08-14,0.86374998
2013-08-15,0.82041699
2013-08-16,0.8175
2013-08-19,0.81427097
2013-08-20,0.82541698
2013-08-21,0.81718802
2013-08-22,0.84052098
2013-08-23,0.85822898
2013-08-26,0.85895801
2013-08-27,0.804896
2013-08-28,0.81531298
2013-08-29,0.83218801
2013-08-30,0.81666702
2013-09-03,0.83010399
2013-09-04,0.85718799
2013-09-05,0.86093801
2013-09-06,0.86406302
2013-09-09,0.89447898
2013-09-10,0.90802097
2013-09-11,0.90343797
2013-09-12,0.89937502
2013-09-13,0.90229201
2013-09-16,0.89468801
2013-09-17,0.91260397
2013-09-18,0.94614601
2013-09-19,0.95197898
2013-09-20,0.94156301
2013-09-23,0.93624997
2013-09-24,0.93645799
2013-09-25,0.92760402
2013-09-26,0.94885403
2013-09-27,0.94437498
2013-09-30,0.938438
2013-10-01,0.96656299
2013-10-02,0.96479201
2013-10-03,0.93124998
2013-10-04,0.955208
2013-10-07,0.93156302
2013-10-08,0.87885398
2013-10-09,0.86916697
2013-10-10,0.924375
2013-10-11,0.94520801
2013-10-14,0.96479201
2013-10-15,0.95447898
2013-10-16,0.98708302
2013-10-17,1.003021
2013-10-18,1.052604
2013-10-21,1.058646
2013-10-22,1.062292
2013-10-23,1.045208
2013-10-24,1.058229
2013-10-25,1.079375
2013-10-28,1.081563
2013-10-29,1.086771
2013-10-30,1.083333
2013-10-31,1.076354
2013-11-01,1.075833
2013-11-04,1.081042
2013-11-05,1.085625
2013-11-06,1.08375
2013-11-07,1.023646
2013-11-08,1.064063
2013-11-11,1.058958
2013-11-12,1.064167
2013-11-13,1.10229
2013-11-14,1.11083
2013-11-15,1.11854
2013-11-18,1.087604
2013-11-19,1.076875
2013-11-20,1.069375
2013-11-21,1.10208
2013-11-22,1.11948
2013-11-25,1.12688
2013-11-26,1.14552
2013-11-27,1.16844
2013-11-29,1.1876
2013-12-02,1.18021
2013-12-03,1.17677
2013-12-04,1.17979
2013-12-05,1.17615
2013-12-06,1.20042
2013-12-09,1.21479
2013-12-10,1.2126
2013-12-11,1.16729
2013-12-12,1.15781
2013-12-13,1.15229
2013-12-16,1.17208
2013-12-17,1.16469
2013-12-18,1.2049
2013-12-19,1.19406
2013-12-20,1.23
2013-12-23,1.26979
2013-12-24,1.27156
2013-12-26,1.28396
2013-12-27,1.27458
2013-12-30,1.26792
2013-12-31,1.29281
2014-01-02,1.2626
2014-01-03,1.2351
2014-01-06,1.22198
2014-01-07,1.25365
2014-01-08,1.26302
2014-01-09,1.25
2014-01-10,1.2625
2014-01-13,1.20635
2014-01-14,1.27542
2014-01-15,1.30521
2014-01-16,1.30792
2014-01-17,1.28469
2014-01-21,1.31344
2014-01-22,1.32562
2014-01-23,1.30969
2014-01-24,1.23208
2014-01-27,1.19625
2014-01-28,1.19583
2014-01-29,1.15813
2014-01-30,1.21917
2014-01-31,1.21063
2014-02-03,1.13042
2014-02-04,1.1525
2014-02-05,1.14188
2014-02-06,1.18562
2014-02-07,1.24854
2014-02-10,1.27146
2014-02-11,1.315
2014-02-12,1.32125
2014-02-13,1.35521
2014-02-14,1.35917
2014-02-18,1.38042
2014-02-19,1.35021
2014-02-20,1.36979
2014-02-21,1.36271
2014-02-24,1.38667
2014-02-25,1.38167
2014-02-26,1.37708
2014-02-27,1.40417
2014-02-28,1.39708
2014-03-03,1.36646
2014-03-04,1.42146
2014-03-05,1.43313
2014-03-06,1.42771
2014-03-07,1.40729
2014-03-10,1.41021
2014-03-11,1.39271
2014-03-12,1.40833
2014-03-13,1.34854
2014-03-14,1.32083
2014-03-17,1.35604
2014-03-18,1.40479
2014-03-19,1.38167
2014-03-20,1.3925
2014-03-21,1.34146
2014-03-24,1.30771
2014-03-25,1.31979
2014-03-26,1.26958
2014-03-27,1.24708
2014-03-28,1.25521
2014-03-31,1.28021
2014-04-01,1.34958
2014-04-02,1.36021
2014-04-03,1.32812
2014-04-04,1.22271
2014-04-07,1.18604
2014-04-08,1.21917
2014-04-09,1.28167
2014-04-10,1.16333
2014-04-11,1.12271
2014-04-14,1.14792
2014-04-15,1.15937
2014-04-16,1.20438
2014-04-17,1.205
2014-04-21,1.23229
2014-04-22,1.2625
2014-04-23,1.22812
2014-04-24,1.26437
2014-04-25,1.20333
2014-04-28,1.21625
2014-04-29,1.24312
2014-04-30,1.25417
2014-05-01,1.26542
2014-05-02,1.25917
2014-05-05,1.27708
2014-05-06,1.22771
2014-05-07,1.21667
2014-05-08,1.2125
2014-05-09,1.22667
2014-05-12,1.28646
2014-05-13,1.28917
2014-05-14,1.27
2014-05-15,1.24063
2014-05-16,1.26375
2014-05-19,1.29083
2014-05-20,1.27667
2014-05-21,1.31271
2014-05-22,1.32896
2014-05-23,1.35875
2014-05-27,1.40979
2014-05-28,1.39646
2014-05-29,1.42479
2014-05-30,1.42354
2014-06-02,1.42
2014-06-03,1.41792
2014-06-04,1.43292
2014-06-05,1.47021
2014-06-06,1.49396
2014-06-09,1.49125
2014-06-10,1.49979
2014-06-11,1.4975
2014-06-12,1.45833
2014-06-13,1.46833
2014-06-16,1.47375
2014-06-17,1.47583
2014-06-18,1.50271
2014-06-19,1.49688
2014-06-20,1.50229
2014-06-23,1.50396
2014-06-24,1.49979
2014-06-25,1.52708
2014-06-26,1.53125
2014-06-27,1.54646
2014-06-30,1.55792
2014-07-01,1.61021
2014-07-02,1.61646
2014-07-03,1.6475
2014-07-07,1.63167
2014-07-08,1.57479
2014-07-09,1.61042
2014-07-10,1.59521
2014-07-11,1.62292
2014-07-14,1.65396
2014-07-15,1.63667
2014-07-16,1.65521
2014-07-17,1.58917
2014-07-18,1.66437
2014-07-21,1.65833
2014-07-22,1.69125
2014-07-23,1.72292
2014-07-24,1.71687
2014-07-25,1.69583
2014-07-28,1.69792
2014-07-29,1.68938
2014-07-30,1.70958
2014-07-31,1.60542
2014-08-01,1.58687
2014-08-04,1.61937
2014-08-05,1.58146
2014-08-06,1.57875
2014-08-07,1.56354
2014-08-08,1.59687
2014-08-11,1.62583
2014-08-12,1.62208
2014-08-13,1.67479
2014-08-14,1.70062
2014-08-15,1.72375
2014-08-18,1.76542
2014-08-19,1.79583
2014-08-20,1.79583
2014-08-21,1.80604
2014-08-22,1.81313
2014-08-25,1.83333
2014-08-26,1.83958
2014-08-27,1.83979
2014-08-28,1.83229
2014-08-29,1.85375
2014-09-02,1.86917
2014-09-03,1.83708
2014-09-04,1.83125
2014-09-05,1.85958
2014-09-08,1.86896
2014-09-09,1.82354
2014-09-10,1.86583
2014-09-11,1.86437
2014-09-12,1.835
2014-09-15,1.77979
2014-09-16,1.82792
2014-09-17,1.83687
2014-09-18,1.87646
2014-09-19,1.87229
2014-09-22,1.82146
2014-09-23,1.80562
2014-09-24,1.86417
2014-09-25,1.74583
2014-09-26,1.80167
2014-09-29,1.79562
2014-09-30,1.80229
2014-10-01,1.71604
2014-10-02,1.71521
2014-10-03,1.76688
2014-10-06,1.75479
2014-10-07,1.68062
2014-10-08,1.77771
2014-10-09,1.68917
2014-10-10,1.56271
2014-10-13,1.48958
2014-10-14,1.49229
2014-10-15,1.46042
2014-10-16,1.43771
2014-10-17,1.49396
2014-10-20,1.55833
2014-10-21,1.68021
2014-10-22,1.65417
2014-10-23,1.72979
2014-10-24,1.76958
2014-10-27,1.77625
2014-10-28,1.85563
2014-10-29,1.83333
2014-10-30,1.84479
2014-10-31,1.92083
2014-11-03,1.94062
2014-11-04,1.92
2014-11-05,1.91979
2014-11-06,1.93625
2014-11-07,1.93146
2014-11-10,1.95125
2014-11-11,1.96979
2014-11-12,1.98063
2014-11-13,2.006042
2014-11-14,2.024583
2014-11-17,2.005625
2014-11-18,2.050625
2014-11-19,2.024583
2014-11-20,2.051458
2014-11-21,2.06625
2014-11-24,2.11292
2014-11-25,2.11979
2014-11-26,2.16313
2014-11-28,2.19542
2014-12-01,2.11438
2014-12-02,2.13708
2014-12-03,2.15646
2014-12-04,2.15
2014-12-05,2.15146
2014-12-08,2.105
2014-12-09,2.12542
2014-12-10,2.0225
2014-12-11,2.054167
2014-12-12,1.98625
2014-12-15,1.92667
2014-12-16,1.83104
2014-12-17,1.92938
2014-12-18,2.070833
2014-12-19,2.093958
2014-12-22,2.11292
2014-12-23,2.092708
2014-12-24,2.097083
2014-12-26,2.13958
2014-12-29,2.14
2014-12-30,2.095833
2014-12-31,2.030208
2015-01-02,2.013542
2015-01-05,1.92292
2015-01-06,1.84667
2015-01-07,1.91771
2015-01-08,2.027083
2015-01-09,1.98604
2015-01-12,1.925
2015-01-13,1.92333
2015-01-14,1.89375
2015-01-15,1.81854
2015-01-16,1.88333
2015-01-20,1.925
2015-01-21,1.95458
2015-01-22,2.063333
2015-01-23,2.077083
2015-01-26,2.0725
2015-01-27,1.91208
2015-01-28,1.87917
2015-01-29,1.93354
2015-01-30,1.88917
2015-02-02,1.93875
2015-02-03,1.99167
2015-02-04,1.98646
2015-02-05,2.039167
2015-02-06,2.0020831
2015-02-09,1.98
2015-02-10,2.074792
2015-02-11,2.098125
2015-02-12,2.17146
2015-02-13,2.22625
2015-02-17,2.23229
2015-02-18,2.24187
2015-02-19,2.27562
2015-02-20,2.31938
2015-02-23,2.32854
2015-02-24,2.33333
2015-02-25,2.31458
2015-02-26,2.34979
2015-02-27,2.31875
2015-03-02,2.38125
2015-03-03,2.34708
2015-03-04,2.32104
2015-03-05,2.33125
2015-03-06,2.25104
2015-03-09,2.27271
2015-03-10,2.14687
2015-03-11,2.10917
2015-03-12,2.14958
2015-03-13,2.12188
2015-03-16,2.20312
2015-03-17,2.21542
2015-03-18,2.27917
2015-03-19,2.29021
2015-03-20,2.33771
2015-03-23,2.31813
2015-03-24,2.29458
2015-03-25,2.13438
2015-03-26,2.11687
2015-03-27,2.13729
2015-03-30,2.21417
2015-03-31,2.14563
2015-04-01,2.10938
2015-04-02,2.11292
2015-04-06,2.16375
2015-04-07,2.15375
2015-04-08,2.205
2015-04-09,2.24604
2015-04-10,2.27292
2015-04-13,2.25604
2015-04-14,2.23667
2015-04-15,2.27625
2015-04-16,2.26833
2015-04-17,2.16229
2015-04-20,2.25896
2015-04-21,2.28792
2015-04-22,2.325
2015-04-23,2.35292
2015-04-24,2.445
2015-04-27,2.42937
2015-04-28,2.41354
2015-04-29,2.3675
2015-04-30,2.25625
2015-05-01,2.3475
2015-05-04,2.35583
2015-05-05,2.24417
2015-05-06,2.19625
2015-05-07,2.23396
2015-05-08,2.31583
2015-05-11,2.29042
2015-05-12,2.26083
2015-05-13,2.2725
2015-05-14,2.37313
2015-05-15,2.37292
2015-05-18,2.40208
2015-05-19,2.39521
2015-05-20,2.39917
2015-05-21,2.43688
2015-05-22,2.43021
2015-05-26,2.34604
2015-05-27,2.45896
2015-05-28,2.44083
2015-05-29,2.39958
2015-06-01,2.42062
2015-06-02,2.39854
2015-06-03,2.41958
2015-06-04,2.36687
2015-06-05,2.34896
2015-06-08,2.27708
2015-06-09,2.26583
2015-06-10,2.35562
2015-06-11,2.36854
2015-06-12,2.30833
2015-06-15,2.27646
2015-06-16,2.31125
2015-06-17,2.33063
2015-06-18,2.42917
2015-06-19,2.39208
2015-06-22,2.44979
2015-06-23,2.45583
2015-06-24,2.41812
2015-06-25,2.40229
2015-06-26,2.35771
2015-06-29,2.19104
2015-06-30,2.21604
2015-07-01,2.26146
2015-07-02,2.27
2015-07-06,2.25083
2015-07-07,2.26229
2015-07-08,2.14896
2015-07-09,2.14271
2015-07-10,2.24229
2015-07-13,2.35687
2015-07-14,2.40417
2015-07-15,2.41563
2015-07-16,2.51
2015-07-17,2.62479
2015-07-20,2.65417
2015-07-21,2.64687
2015-07-22,2.56
2015-07-23,2.52938
2015-07-24,2.4575
2015-07-27,2.39438
2015-07-28,2.4575
2015-07-29,2.485
2015-07-30,2.51958
2015-07-31,2.51187
2015-08-03,2.48875
2015-08-04,2.47271
2015-08-05,2.53063
2015-08-06,2.40917
2015-08-07,2.39958
2015-08-10,2.48062
2015-08-11,2.38604
2015-08-12,2.40708
2015-08-13,2.39625
2015-08-14,2.40917
2015-08-17,2.46833
2015-08-18,2.42896
2015-08-19,2.38333
2015-08-20,2.18708
2015-08-21,1.915
2015-08-24,1.68813
2015-08-25,1.66583
2015-08-26,1.90625
2015-08-27,2.055208
2015-08-28,2.053542
2015-08-31,1.97729
2015-09-01,1.79792
2015-09-02,1.94417
2015-09-03,1.91208
2015-09-04,1.84812
2015-09-08,2.0050001
2015-09-09,1.93521
2015-09-10,1.99708
2015-09-11,2.029375
2015-09-14,2.01125
2015-09-15,2.081458
2015-09-16,2.11625
2015-09-17,2.12208
2015-09-18,2.032292
2015-09-21,2.049583
2015-09-22,1.95917
2015-09-23,1.96229
2015-09-24,1.93958
2015-09-25,1.8925
2015-09-28,1.72938
2015-09-29,1.70375
2015-09-30,1.81646
2015-10-01,1.84187
2015-10-02,1.9375
2015-10-05,2.025833
2015-10-06,1.99688
2015-10-07,2.028958
2015-10-08,2.05375
2015-10-09,2.07875
2015-10-12,2.09625
2015-10-13,2.055208
2015-10-14,2.046458
2015-10-15,2.14646
2015-10-16,2.17313
2015-10-19,2.21208
2015-10-20,2.17542
2015-10-21,2.14042
2015-10-22,2.26729
2015-10-23,2.45583
2015-10-26,2.46312
2015-10-27,2.47917
2015-10-28,2.53667
2015-10-29,2.52729
2015-10-30,2.49271
2015-11-02,2.57771
2015-11-03,2.60229
2015-11-04,2.60333
2015-11-05,2.58042
2015-11-06,2.58896
2015-11-09,2.50563
2015-11-10,2.48792
2015-11-11,2.47688
2015-11-12,2.405
2015-11-13,2.26354
2015-11-16,2.35792
2015-11-17,2.36604
2015-11-18,2.50167
2015-11-19,2.50542
2015-11-20,2.55521
2015-11-23,2.53458
2015-11-24,2.52667
2015-11-25,2.53229
2015-11-27,2.54146
2015-11-30,2.52542
2015-12-01,2.60042
2015-12-02,2.55312
2015-12-03,2.42292
2015-12-04,2.58938
2015-12-07,2.55771
2015-12-08,2.55792
2015-12-09,2.43875
2015-12-10,2.47333
2015-12-11,2.30375
2015-12-14,2.35542
2015-12-15,2.39542
2015-12-16,2.50125
2015-12-17,2.39708
2015-12-18,2.26542
2015-12-21,2.33271
2015-12-22,2.37687
2015-12-23,2.43125
2015-12-24,2.42625
2015-12-28,2.42563
2015-12-29,2.53625
2015-12-30,2.47146
2015-12-31,2.37979
2016-01-04,2.23438
2016-01-05,2.21438
2016-01-06,2.155
2016-01-07,1.95
2016-01-08,1.90396
2016-01-11,1.92062
2016-01-12,1.98542
2016-01-13,1.77771
2016-01-14,1.89271
2016-01-15,1.71875
2016-01-19,1.72604
2016-01-20,1.71042
2016-01-21,1.71667
2016-01-22,1.86458
2016-01-25,1.78062
2016-01-26,1.83146
2016-01-27,1.69521
2016-01-28,1.76208
2016-01-29,1.87688
2016-02-01,1.8875
2016-02-02,1.76771
2016-02-03,1.74271
2016-02-04,1.73958
2016-02-05,1.56062
2016-02-08,1.48937
2016-02-09,1.47208
2016-02-10,1.48958
2016-02-11,1.48604
2016-02-12,1.54938
2016-02-16,1.6525
2016-02-17,1.76667
2016-02-18,1.70667
2016-02-19,1.72438
2016-02-22,1.80583
2016-02-23,1.71583
2016-02-24,1.76688
2016-02-25,1.81562
2016-02-26,1.81146
2016-02-29,1.76354
2016-03-01,1.93229
2016-03-02,1.93438
2016-03-03,1.92354
2016-03-04,1.92687
2016-03-07,1.89104
2016-03-08,1.84104
2016-03-09,1.87625
2016-03-10,1.86917
2016-03-11,1.96604
2016-03-14,1.9775
2016-03-15,1.97625
2016-03-16,2.026667
2016-03-17,2.020833
2016-03-18,2.0325
2016-03-21,2.056667
2016-03-22,2.075
2016-03-23,2.025625
2016-03-24,2.025
2016-03-28,2.017708
2016-03-29,2.11417
2016-03-30,2.14583
2016-03-31,2.13333
2016-04-01,2.20438
2016-04-04,2.17708
2016-04-05,2.11854
2016-04-06,2.22
2016-04-07,2.12417
2016-04-08,2.11917
2016-04-11,2.096458
2016-04-12,2.14542
2016-04-13,2.22917
2016-04-14,2.23062
2016-04-15,2.21354
2016-04-18,2.24625
2016-04-19,2.2075
2016-04-20,2.21292
2016-04-21,2.21354
2016-04-22,2.11333
2016-04-25,2.11167
2016-04-26,2.082708
2016-04-27,2.032708
2016-04-28,1.96063
2016-04-29,1.92938
2016-05-02,1.98042
2016-05-03,1.92771
2016-05-04,1.88958
2016-05-05,1.88854
2016-05-06,1.91583
2016-05-09,1.93271
2016-05-10,2.01375
2016-05-11,1.95875
2016-05-12,1.93125
2016-05-13,1.90792
2016-05-16,1.98146
2016-05-17,1.90542
2016-05-18,1.92708
2016-05-19,1.89667
2016-05-20,1.96
2016-05-23,1.95042
2016-05-24,2.069792
2016-05-25,2.11438
2016-05-26,2.13208
2016-05-27,2.16417
2016-05-31,2.17708
2016-06-01,2.17792
2016-06-02,2.19021
2016-06-03,2.16021
2016-06-06,2.18333
2016-06-07,2.16792
2016-06-08,2.1775
2016-06-09,2.16792
2016-06-10,2.095
2016-06-13,2.04125
2016-06-14,2.042292
2016-06-15,2.023958
2016-06-16,2.038542
2016-06-17,1.96875
2016-06-20,2.0041671
2016-06-21,2.024167
2016-06-22,2.011042
2016-06-23,2.095833
2016-06-24,1.83917
2016-06-27,1.73208
2016-06-28,1.84063
2016-06-29,1.93625
2016-06-30,2.0066669
2016-07-01,2.034167
2016-07-05,1.99812
2016-07-06,2.045208
2016-07-07,2.064583
2016-07-08,2.16
2016-07-11,2.19688
2016-07-12,2.23146
2016-07-13,2.21583
2016-07-14,2.26083
2016-07-15,2.24813
2016-07-18,2.29292
2016-07-19,2.26917
2016-07-20,2.34687
2016-07-21,2.33292
2016-07-22,2.36
2016-07-25,2.36208
2016-07-26,2.37
2016-07-27,2.41625
2016-07-28,2.4425
2016-07-29,2.45854
2016-08-01,2.49708
2016-08-02,2.44083
2016-08-03,2.46396
2016-08-04,2.48604
2016-08-05,2.55792
2016-08-08,2.54979
2016-08-09,2.56667
2016-08-10,2.54688
2016-08-11,2.57979
2016-08-12,2.58458
2016-08-15,2.61708
2016-08-16,2.57583
2016-08-17,2.58792
2016-08-18,2.59042
2016-08-19,2.58687
2016-08-22,2.58938
2016-08-23,2.60479
2016-08-24,2.55458
2016-08-25,2.5425
2016-08-26,2.55479
2016-08-29,2.56188
2016-08-30,2.53875
2016-08-31,2.53208
2016-09-01,2.54333
2016-09-02,2.57312
2016-09-06,2.62083
2016-09-07,2.62562
2016-09-08,2.58063
2016-09-09,2.385
2016-09-12,2.50729
2016-09-13,2.44812
2016-09-14,2.47958
2016-09-15,2.59458
2016-09-16,2.59167
2016-09-19,2.55771
2016-09-20,2.57188
2016-09-21,2.64667
2016-09-22,2.70854
2016-09-23,2.65979
2016-09-26,2.59375
2016-09-27,2.66729
2016-09-28,2.68187
2016-09-29,2.625
2016-09-30,2.67896
2016-10-03,2.67292
2016-10-04,2.65771
2016-10-05,2.68542
2016-10-06,2.68125
2016-10-07,2.66375
2016-10-10,2.71146
2016-10-11,2.59938
2016-10-12,2.59396
2016-10-13,2.56354
2016-10-14,2.56938
2016-10-17,2.55167
2016-10-18,2.61708
2016-10-19,2.61812
2016-10-20,2.60708
2016-10-21,2.63542
2016-10-24,2.73146
2016-10-25,2.70417
2016-10-26,2.65229
2016-10-27,2.61521
2016-10-28,2.57
2016-10-31,2.55542
2016-11-01,2.50292
2016-11-02,2.43771
2016-11-03,2.3675
2016-11-04,2.34063
2016-11-07,2.50833
2016-11-08,2.5575
2016-11-09,2.59333
2016-11-10,2.47
2016-11-11,2.46792
2016-11-14,2.38458
2016-11-15,2.495
2016-11-16,2.53562
2016-11-17,2.59437
2016-11-18,2.56521
2016-11-21,2.64229
2016-11-22,2.66604
2016-11-23,2.63396
2016-11-25,2.65937
2016-11-28,2.64458
2016-11-29,2.67
2016-11-30,2.58354
2016-12-01,2.44167
2016-12-02,2.45146
2016-12-05,2.50813
2016-12-06,2.52625
2016-12-07,2.62
2016-12-08,2.63604
2016-12-09,2.69771
2016-12-12,2.66021
2016-12-13,2.76417
2016-12-14,2.74396
2016-12-15,2.76062
2016-12-16,2.72708
2016-12-19,2.76042
2016-12-20,2.79375
2016-12-21,2.78396
2016-12-22,2.75979
2016-12-23,2.76833
2016-12-27,2.80875
2016-12-28,2.74375
2016-12-29,2.73042
2016-12-30,2.65062
2017-01-03,2.71479
2017-01-04,2.76104
2017-01-05,2.81
2017-01-06,2.88125
2017-01-09,2.91042
2017-01-10,2.92708
2017-01-11,2.94958
2017-01-12,2.93458
2017-01-13,2.96833
2017-01-17,2.94042
2017-01-18,2.96042
2017-01-19,2.9525
2017-01-20,2.97167
2017-01-23,2.97833
2017-01-24,3.040417
2017-01-25,3.12917
2017-01-26,3.14208
2017-01-27,3.15708
2017-01-30,3.085417
2017-01-31,3.068333
2017-02-01,3.12667
2017-02-02,3.11875
2017-02-03,3.14583
2017-02-06,3.1575
2017-02-07,3.19
2017-02-08,3.20792
2017-02-09,3.24125
2017-02-10,3.27333
2017-02-13,3.33083
2017-02-14,3.36208
2017-02-15,3.42
2017-02-16,3.41708
2017-02-17,3.46
2017-02-21,3.515
2017-02-22,3.51542
2017-02-23,3.4775
2017-02-24,3.49625
2017-02-27,3.50667
2017-02-28,3.47917
2017-03-01,3.59167
2017-03-02,3.535
2017-03-03,3.55333
2017-03-06,3.52875
2017-03-07,3.51125
2017-03-08,3.52917
2017-03-09,3.54
2017-03-10,3.57875
2017-03-13,3.59958
2017-03-14,3.57292
2017-03-15,3.63542
2017-03-16,3.63333
2017-03-17,3.62458
2017-03-20,3.63542
2017-03-21,3.47333
2017-03-22,3.54167
2017-03-23,3.51333
2017-03-24,3.5325
2017-03-27,3.55125
2017-03-28,3.61792
2017-03-29,3.66583
2017-03-30,3.68417
2017-03-31,3.67542
2017-04-03,3.6675
2017-04-04,3.68417
2017-04-05,3.64208
2017-04-06,3.645
2017-04-07,3.64083
2017-04-10,3.645
2017-04-11,3.59917
2017-04-12,3.55167
2017-04-13,3.50958
2017-04-17,3.59292
2017-04-18,3.5825
2017-04-19,3.595
2017-04-20,3.68208
2017-04-21,3.68042
2017-04-24,3.81417
2017-04-25,3.89875
2017-04-26,3.88167
2017-04-27,3.94958
2017-04-28,3.97208
2017-05-01,4.072083
2017-05-02,4.09625
2017-05-03,4.055833
2017-05-04,4.06
2017-05-05,4.10417
2017-05-08,4.12875
2017-05-09,4.17417
2017-05-10,4.18083
2017-05-11,4.17083
2017-05-12,4.19792
2017-05-15,4.23708
2017-05-16,4.29042
2017-05-17,3.96583
2017-05-18,4.06625
2017-05-19,4.11542
2017-05-22,4.22208
2017-05-23,4.2325
2017-05-24,4.29083
2017-05-25,4.40375
2017-05-26,4.4225
2017-05-30,4.43167
2017-05-31,4.42625
2017-06-01,4.47917
2017-06-02,4.63208
2017-06-05,4.62833
2017-06-06,4.57583
2017-06-07,4.62583
2017-06-08,4.63833
2017-06-09,4.30292
2017-06-12,4.225
2017-06-13,4.32375
2017-06-14,4.26583
2017-06-15,4.20833
2017-06-16,4.15792
2017-06-19,4.35917
2017-06-20,4.26042
2017-06-21,4.38417
2017-06-22,4.37917
2017-06-23,4.42833
2017-06-26,4.36958
2017-06-27,4.12917
2017-06-28,4.3025
2017-06-29,4.083333
2017-06-30,4.069167
2017-07-03,3.95833
2017-07-05,4.07125
2017-07-06,3.96375
2017-07-07,4.0825
2017-07-10,4.16792
2017-07-11,4.20208
2017-07-12,4.35167
2017-07-13,4.38042
2017-07-14,4.48333
2017-07-17,4.48583
2017-07-18,4.575
2017-07-19,4.65875
2017-07-20,4.67625
2017-07-21,4.66917
2017-07-24,4.73
2017-07-25,4.69833
2017-07-26,4.74042
2017-07-27,4.65583
2017-07-28,4.64083
2017-07-31,4.58042
2017-08-01,4.61042
2017-08-02,4.64417
2017-08-03,4.59583
2017-08-04,4.61375
2017-08-07,4.69542
2017-08-08,4.67792
2017-08-09,4.65958
2017-08-10,4.35708
2017-08-11,4.45667
2017-08-14,4.63
2017-08-15,4.63833
2017-08-16,4.6625
2017-08-17,4.37583
2017-08-18,4.36042
2017-08-21,4.3525
2017-08-22,4.54625
2017-08-23,4.49542
2017-08-24,4.45792
2017-08-25,4.42792
2017-08-28,4.46667
2017-08-29,4.52167
2017-08-30,4.67833
2017-08-31,4.81125
2017-09-01,4.80792
2017-09-05,4.67917
2017-09-06,4.71958
2017-09-07,4.74875
2017-09-08,4.63167
2017-09-11,4.77917
2017-09-12,4.81958
2017-09-13,4.83958
2017-09-14,4.75792
2017-09-15,4.79625
2017-09-18,4.78458
2017-09-19,4.805
2017-09-20,4.765
2017-09-21,4.67333
2017-09-22,4.66167
2017-09-25,4.51542
2017-09-26,4.54625
2017-09-27,4.66958
2017-09-28,4.66167
2017-09-29,4.76042
2017-10-02,4.77375
2017-10-03,4.80375
2017-10-04,4.81625
2017-10-05,4.955
2017-10-06,4.97292
2017-10-09,4.96042
2017-10-10,4.97083
2017-10-11,5.014167
2017-10-12,4.98708
2017-10-13,5.042917
2017-10-16,5.095
2017-10-17,5.11292
2017-10-18,5.093333
2017-10-19,5.037083
2017-10-20,5.07375
2017-10-23,4.97917
2017-10-24,5.0045829
2017-10-25,4.94375
2017-10-26,4.89792
2017-10-27,5.32
2017-10-30,5.35792
2017-10-31,5.41458
2017-11-01,5.4075
2017-11-02,5.38
2017-11-03,5.53
2017-11-06,5.58625
2017-11-07,5.59542
2017-11-08,5.66542
2017-11-09,5.57458
2017-11-10,5.57292
2017-11-13,5.58958
2017-11-14,5.53333
2017-11-15,5.45208
2017-11-16,5.65625
2017-11-17,5.59292
2017-11-20,5.57917
2017-11-21,5.755
2017-11-22,5.77792
2017-11-24,5.84292
2017-11-27,5.83333
2017-11-28,5.87625
2017-11-29,5.57417
2017-11-30,5.7125
2017-12-01,5.63625
2017-12-04,5.44167
2017-12-05,5.44958
2017-12-06,5.52167
2017-12-07,5.57625
2017-12-08,5.65
2017-12-11,5.77958
2017-12-12,5.75792
2017-12-13,5.78667
2017-12-14,5.77833
2017-12-15,5.96625
2017-12-18,6.11958
2017-12-19,6.02
2017-12-20,5.995
2017-12-21,5.99208
2017-12-22,5.97208
2017-12-26,5.87542
2017-12-27,5.87542
2017-12-28,5.89125
2017-12-29,5.78
2018-01-02,6.076667
2018-01-03,6.25458
2018-01-04,6.29125
2018-01-05,6.48125
2018-01-08,6.55333
2018-01-09,6.55833
2018-01-10,6.51167
2018-01-11,6.64208
2018-01-12,6.78292
2018-01-16,6.73042
2018-01-17,6.9425
2018-01-18,6.94917
2018-01-19,7.015833
2018-01-22,7.235
2018-01-23,7.41833
2018-01-24,7.26792
2018-01-25,7.25875
2018-01-26,7.58292
2018-01-29,7.4825
2018-01-30,7.29125
2018-01-31,7.38125
2018-02-01,7.19667
2018-02-02,6.75708
2018-02-05,5.97708
2018-02-06,6.43792
2018-02-07,6.18333
2018-02-08,5.41708
2018-02-09,5.67208
2018-02-12,5.98958
2018-02-13,6.0625
2018-02-14,6.4175
2018-02-15,6.75292
2018-02-16,6.6775
2018-02-20,6.71083
2018-02-21,6.65042
2018-02-22,6.65167
2018-02-23,7.047917
2018-02-26,7.33083
2018-02-27,7.068333
2018-02-28,6.92625
2018-03-01,6.59292
2018-03-02,6.77417
2018-03-05,6.98667
2018-03-06,7.075
2018-03-07,7.12792
2018-03-08,7.23417
2018-03-09,7.65542
2018-03-12,7.77
2018-03-13,7.48792
2018-03-14,7.4625
2018-03-15,7.42917
2018-03-16,7.38
2018-03-19,6.91667
2018-03-20,6.9675
2018-03-21,6.86667
2018-03-22,6.365
2018-03-23,5.85083
2018-03-26,6.50917
2018-03-27,5.885
2018-03-28,5.68208
2018-03-29,5.99667
2018-04-02,5.46417
2018-04-03,5.6475
2018-04-04,5.91458
2018-04-05,6.0075002
2018-04-06,5.55917
2018-04-09,5.67042
2018-04-10,6.045
2018-04-11,5.94333
2018-04-12,6.15167
2018-04-13,6.060417
2018-04-16,6.19417
2018-04-17,6.59042
2018-04-18,6.63625
2018-04-19,6.45583
2018-04-20,6.14625
2018-04-23,6.097917
2018-04-24,5.70917
2018-04-25,5.73167
2018-04-26,6.087083
2018-04-27,6.10125
2018-04-30,5.97125
2018-05-01,6.16542
2018-05-02,6.057917
2018-05-03,6.058333
2018-05-04,6.39917
2018-05-07,6.55125
2018-05-08,6.52958
2018-05-09,6.74833
2018-05-10,6.95833
2018-05-11,6.9375
2018-05-14,6.96833
2018-05-15,6.74292
2018-05-16,6.86708
2018-05-17,6.78958
2018-05-18,6.68083
2018-05-21,6.7975
2018-05-22,6.76208
2018-05-23,6.93208
2018-05-24,6.92625
2018-05-25,6.94375
2018-05-29,6.855
2018-05-30,7.0012498
2018-05-31,6.98625
2018-06-01,7.31125
2018-06-04,7.49875
2018-06-05,7.57625
2018-06-06,7.70125
2018-06-07,7.5225
2018-06-08,7.5175
2018-06-11,7.57625
2018-06-12,7.69625
2018-06-13,7.6875
2018-06-14,7.92125
2018-06-15,7.8425
2018-06-18,7.825
2018-06-19,7.755
2018-06-20,7.9175
2018-06-21,7.7125
2018-06-22,7.635
2018-06-25,7.1475
2018-06-26,7.22625
2018-06-27,6.93625
2018-06-28,7.10625
2018-06-29,7.13875
2018-07-02,7.29875
2018-07-03,7.0475
2018-07-05,7.30625
2018-07-06,7.635
2018-07-09,7.8475
2018-07-10,7.86625
2018-07-11,7.75125
2018-07-12,8.13375
2018-07-13,8.1575
2018-07-16,8.1025
2018-07-17,8.2525
2018-07-18,8.2
2018-07-19,8.07875
2018-07-20,8.0675
2018-07-23,8.1375
2018-07-24,8.24125
2018-07-25,8.585
2018-07-26,8.21
2018-07-27,7.8675
2018-07-30,7.52875
2018-07-31,7.67875
2018-08-01,7.78375
2018-08-02,8.09375
2018-08-03,8.16625
2018-08-06,8.31625
2018-08-07,8.3975
2018-08-08,8.42
2018-08-09,8.4125
2018-08-10,8.21625
2018-08-13,8.1925
2018-08-14,8.34375
2018-08-15,8.04
2018-08-16,8.11375
2018-08-17,8.1125
2018-08-20,8.09625
2018-08-21,8.18
2018-08-22,8.275
2018-08-23,8.23375
2018-08-24,8.4625
2018-08-27,8.7175
2018-08-28,8.75625
2018-08-29,9.0625
2018-08-30,9.01125
2018-08-31,9.0375
2018-09-04,8.93
2018-09-05,8.575
2018-09-06,8.34125
2018-09-07,8.25875
2018-09-10,8.33125
2018-09-11,8.51625
2018-09-12,8.4425
2018-09-13,8.6925
2018-09-14,8.62625
2018-09-17,8.2625
2018-09-18,8.45875
2018-09-19,8.44
2018-09-20,8.705
2018-09-21,8.56625
2018-09-24,8.64
2018-09-25,8.675
2018-09-26,8.66625
2018-09-27,8.90625
2018-09-28,8.8925
2018-10-01,8.94375
2018-10-02,8.8925
2018-10-03,8.91875
2018-10-04,8.41
2018-10-05,8.09375
2018-10-08,7.94875
2018-10-09,8.01
2018-10-10,6.97125
2018-10-11,6.68875
2018-10-12,7.25375
2018-10-15,6.98
2018-10-16,7.58125
2018-10-17,7.60625
2018-10-18,7.07875
2018-10-19,7.05
2018-10-22,7.15625
2018-10-23,7.0775
2018-10-24,6.115
2018-10-25,6.7425
2018-10-26,6.21875
2018-10-29,5.88625
2018-10-30,6.11375
2018-10-31,6.52625
2018-11-01,6.81125
2018-11-02,6.50625
2018-11-05,6.4425
2018-11-06,6.57875
2018-11-07,7.18375
2018-11-08,7.06125
2018-11-09,6.7025
2018-11-12,6.11375
2018-11-13,6.11125
2018-11-14,5.95625
2018-11-15,6.275
2018-11-16,6.20625
2018-11-19,5.61125
2018-11-20,5.3
2018-11-21,5.41875
2018-11-23,5.29875
2018-11-26,5.6625
2018-11-27,5.72125
2018-11-28,6.26375
2018-11-29,6.20625
2018-11-30,6.33625
2018-12-03,6.66125
2018-12-04,5.92875
2018-12-06,6.015
2018-12-07,5.42625
2018-12-10,5.59625
2018-12-11,5.65625
2018-12-12,5.79875
2018-12-13,5.8
2018-12-14,5.3625
2018-12-17,5.01625
2018-12-18,5.1
2018-12-19,4.73125
2018-12-20,4.54125
2018-12-21,4.1025
2018-12-24,3.79875
2018-12-26,4.4825
2018-12-27,4.54625
2018-12-28,4.5275
2018-12-31,4.63
2019-01-02,4.69625
2019-01-03,4.24125
2019-01-04,4.78375
2019-01-07,4.93625
2019-01-08,5.07875
2019-01-09,5.19875
2019-01-10,5.24875
2019-01-11,5.18625
2019-01-14,5.05125
2019-01-15,5.33125
2019-01-16,5.33875
2019-01-17,5.46375
2019-01-18,5.61375
2019-01-22,5.30375
2019-01-23,5.30875
2019-01-24,5.4025
2019-01-25,5.595
2019-01-28,5.38875
2019-01-29,5.23625
2019-01-30,5.62875
2019-01-31,5.87625
2019-02-01,5.80125
2019-02-04,6.01375
2019-02-05,6.1725
2019-02-06,6.12375
2019-02-07,5.87375
2019-02-08,5.90375
2019-02-11,5.89
2019-02-12,6.145
2019-02-13,6.1575
2019-02-14,6.18
2019-02-15,6.25375
2019-02-19,6.29125
2019-02-20,6.28625
2019-02-21,6.215
2019-02-22,6.35
2019-02-25,6.42
2019-02-26,6.44
2019-02-27,6.42
2019-02-28,6.38
2019-03-01,6.5075
2019-03-04,6.50875
2019-03-05,6.525
2019-03-06,6.4125
2019-03-07,6.17875
2019-03-08,6.14375
2019-03-11,6.5275
2019-03-12,6.63375
2019-03-13,6.7775
2019-03-14,6.7475
2019-03-15,6.915
2019-03-18,6.9775
2019-03-19,7.0475
2019-03-20,7.12625
2019-03-21,7.45625
2019-03-22,6.96875
2019-03-25,6.925
2019-03-26,7.02
2019-03-27,6.8825
2019-03-28,6.92625
2019-03-29,7.0825
2019-04-01,7.36125
2019-04-02,7.4425
2019-04-03,7.57125
2019-04-04,7.56
2019-04-05,7.67375
2019-04-08,7.73375
2019-04-09,7.64875
2019-04-10,7.7725
2019-04-11,7.71375
2019-04-12,7.80875
2019-04-15,7.815
2019-04-16,7.89125
2019-04-17,7.97
2019-04-18,7.995
2019-04-22,8.0625
2019-04-23,8.36875
2019-04-24,8.2875
2019-04-25,8.38
2019-04-26,8.41
2019-04-29,8.455
2019-04-30,8.26125
2019-05-01,8.16625
2019-05-02,8.06625
2019-05-03,8.44625
2019-05-06,8.295
2019-05-07,7.8125
2019-05-08,7.74375
2019-05-09,7.62125
2019-05-10,7.6425
2019-05-13,6.8525
2019-05-14,7.0675
2019-05-15,7.36125
2019-05-16,7.59125
2019-05-17,7.355
2019-05-20,6.98625
2019-05-21,7.19625
2019-05-22,7.1025
2019-05-23,6.7675
2019-05-24,6.7575
2019-05-28,6.685
2019-05-29,6.5175
2019-05-30,6.595
2019-05-31,6.2775
2019-06-03,5.87625
2019-06-04,6.3525
2019-06-05,6.4925
2019-06-06,6.6425
2019-06-07,7.02125
2019-06-10,7.2775
2019-06-11,7.305
2019-06-12,7.18125
2019-06-13,7.29875
2019-06-14,7.20375
2019-06-17,7.335
2019-06-18,7.6525
2019-06-19,7.7425
2019-06-20,7.955
2019-06-21,7.91875
2019-06-24,7.91625
2019-06-25,7.51125
2019-06-26,7.60625
2019-06-27,7.68875
2019-06-28,7.72125
2019-07-01,8.02875
2019-07-02,8.12625
2019-07-03,8.30625
2019-07-05,8.2525
2019-07-08,8.07875
2019-07-09,8.2
2019-07-10,8.4425
2019-07-11,8.42
2019-07-12,8.56125
2019-07-15,8.63375
2019-07-16,8.51125
2019-07-17,8.385
2019-07-18,8.42125
2019-07-19,8.2175
2019-07-22,8.41125
2019-07-23,8.57375
2019-07-24,8.75625
2019-07-25,8.50625
2019-07-26,8.75875
2019-07-29,8.6775
2019-07-30,8.56125
2019-07-31,8.2
2019-08-01,8.085
2019-08-02,7.715
2019-08-05,6.905
2019-08-06,7.18875
2019-08-07,7.29375
2019-08-08,7.77625
2019-08-09,7.54625
2019-08-12,7.29375
2019-08-13,7.7725
2019-08-14,7.07625
2019-08-15,7.04625
2019-08-16,7.37125
2019-08-19,7.71625
2019-08-20,7.5575
2019-08-21,7.75
2019-08-22,7.675
2019-08-23,6.9725
2019-08-26,7.255
2019-08-27,7.21125
2019-08-28,7.28375
2019-08-29,7.615
2019-08-30,7.56125
2019-09-03,7.34125
2019-09-04,7.65
2019-09-05,8.0725
2019-09-06,8.05
2019-09-09,7.99875
2019-09-10,7.9325
2019-09-11,8.14625
2019-09-12,8.2475
2019-09-13,8.16
2019-09-16,8.0475
2019-09-17,8.15375
2019-09-18,8.14875
2019-09-19,8.185
2019-09-20,7.9275
2019-09-23,7.935
2019-09-24,7.62125
2019-09-25,7.865
2019-09-26,7.78625
2019-09-27,7.50375
2019-09-30,7.70375
2019-10-01,7.5175
2019-10-02,7.1325
2019-10-03,7.3675
2019-10-04,7.6775
2019-10-07,7.60625
2019-10-08,7.26
2019-10-09,7.48
2019-10-10,7.64375
2019-10-11,7.93
2019-10-14,7.93875
2019-10-15,8.24
2019-10-16,8.17875
2019-10-17,8.235
2019-10-18,7.99875
2019-10-21,8.21
2019-10-22,8.02
2019-10-23,8.0575
2019-10-24,8.28875
2019-10-25,8.4775
2019-10-28,8.73625
2019-10-29,8.535
2019-10-30,8.655
2019-10-31,8.66125
2019-11-01,8.89625
2019-11-04,9.055
2019-11-05,9.06625
2019-11-06,9.00875
2019-11-07,9.1
2019-11-08,9.2075
2019-11-11,9.16875
2019-11-12,9.24375
2019-11-13,9.23
2019-11-14,9.2275
2019-11-15,9.40125
2019-11-18,9.45
2019-11-19,9.48875
2019-11-20,9.3225
2019-11-21,9.25
2019-11-22,9.275
2019-11-25,9.59625
2019-11-26,9.65375
2019-11-27,9.84875
2019-11-29,9.7175
2019-12-02,9.405
2019-12-03,9.19375
2019-12-04,9.33
2019-12-05,9.37875
2019-12-06,9.66875
2019-12-09,9.55
2019-12-10,9.52875
2019-12-11,9.6725
2019-12-12,9.89375
2019-12-13,9.9825
2019-12-16,10.26875
2019-12-17,10.2825
2019-12-18,10.30625
2019-12-19,10.51625
2019-12-20,10.64125
2019-12-23,10.72
2019-12-24,10.73
2019-12-26,11.00875
2019-12-27,10.97625
2019-12-30,10.7575
2019-12-31,10.81875
2020-01-02,11.355
2020-01-03,11.04625
2020-01-06,11.25625
2020-01-07,11.2425
2020-01-08,11.50125
2020-01-09,11.79125
2020-01-10,11.695
2020-01-13,12.10375
2020-01-14,11.9625
2020-01-15,11.97
2020-01-16,12.30375
2020-01-17,12.4875
2020-01-21,12.48125
2020-01-22,12.56625
2020-01-23,12.6825
2020-01-24,12.35375
2020-01-27,11.59
2020-01-28,12.12875
2020-01-29,12.1725
2020-01-30,12.31
2020-01-31,11.705
2020-02-03,12.2425
2020-02-04,13.07875
2020-02-05,13.23
2020-02-06,13.5525
2020-02-07,13.3775
2020-02-10,13.86
2020-02-11,13.87
2020-02-12,14.27625
2020-02-13,14.22125
2020-02-14,14.3175
2020-02-18,14.3425
2020-02-19,14.7575
2020-02-20,14.3375
2020-02-21,13.5175
2020-02-24,11.96
2020-02-25,10.9925
2020-02-26,11.14375
2020-02-27,9.4775
2020-02-28,9.625
2020-03-02,10.93875
2020-03-03,9.90875
2020-03-04,11.11125
2020-03-05,10.13625
2020-03-06,9.605
2020-03-09,7.65375
2020-03-10,8.845
2020-03-11,7.7075
2020-03-12,5.595
2020-03-13,7.105
2020-03-16,4.65625
2020-03-17,5.415
2020-03-18,4.91375
2020-03-19,5.0275
2020-03-20,4.43875
2020-03-23,4.4525
2020-03-24,5.445
2020-03-25,5.31875
2020-03-26,6.185
2020-03-27,5.5425
2020-03-30,6.125
2020-03-31,5.955
2020-04-01,5.21625
2020-04-02,5.525
2020-04-03,5.3025
2020-04-06,6.4125
2020-04-07,6.4
2020-04-08,6.80875
2020-04-09,6.83375
2020-04-13,7.07125
2020-04-14,7.98875
2020-04-15,7.72375
2020-04-16,8.1375
2020-04-17,8.34125
2020-04-20,8.07125
2020-04-21,7.17875
2020-04-22,7.81375
2020-04-23,7.7625
2020-04-24,8.1375
2020-04-27,8.29625
2020-04-28,7.8475
2020-04-29,8.66375
2020-04-30,8.72125
2020-05-01,7.93875
2020-05-04,8.21875
2020-05-05,8.48125
2020-05-06,8.64875
2020-05-07,8.98625
2020-05-08,9.34875
2020-05-11,9.58125
2020-05-12,9.01125
2020-05-13,8.67
2020-05-14,8.9575
2020-05-15,9.11125
2020-05-18,9.63875
2020-05-19,9.565
2020-05-20,10.125
2020-05-21,9.81375
2020-05-22,9.9025
2020-05-26,9.86125
2020-05-27,10.0
2020-05-28,9.93625
2020-05-29,10.34625
2020-06-01,10.47375
2020-06-02,10.6825
2020-06-03,10.8275
2020-06-04,10.6075
2020-06-05,11.23625
2020-06-08,11.48625
2020-06-09,11.7425
2020-06-10,12.16625
2020-06-11,10.375
2020-06-12,10.6
2020-06-15,10.97375
2020-06-16,11.55375
2020-06-17,11.66625
2020-06-18,11.75625
2020-06-19,11.74
2020-06-22,12.1575
2020-06-23,12.475
2020-06-24,11.74
2020-06-25,12.05125
2020-06-26,11.185
2020-06-29,11.5425
2020-06-30,12.20625
2020-07-01,12.6425
2020-07-02,12.91125
2020-07-06,13.86
2020-07-07,13.5875
2020-07-08,14.11
2020-07-09,14.4625
2020-07-10,14.76875
2020-07-13,13.85625
2020-07-14,14.15
2020-07-15,14.22
2020-07-16,13.915
2020-07-17,13.98
2020-07-20,15.17
2020-07-21,14.685
2020-07-22,14.855
2020-07-23,13.69125
2020-07-24,13.28625
2020-07-27,14.0
2020-07-28,13.47375
2020-07-29,13.9325
2020-07-30,14.15875
2020-07-31,14.9225
2020-08-03,15.47875
2020-08-04,15.68
2020-08-05,15.805
2020-08-06,16.41
2020-08-07,15.87375
2020-08-10,15.66
2020-08-11,14.77125
2020-08-12,15.87625
2020-08-13,15.9875
2020-08-14,15.94125
2020-08-17,16.4675
2020-08-18,16.95125
2020-08-19,16.62
2020-08-20,17.30375
2020-08-21,17.665
2020-08-24,17.9925
2020-08-25,18.4125
2020-08-26,19.59125
2020-08-27,19.41375
2020-08-28,19.71375
2020-08-31,20.17
2020-09-01,21.2175
2020-09-02,21.81625
2020-09-03,18.46625
2020-09-04,17.705
2020-09-08,15.2025
2020-09-09,16.50875
2020-09-10,15.55375
2020-09-11,15.21375
2020-09-14,15.9975
2020-09-15,16.6775
2020-09-16,15.87625
2020-09-17,15.145
2020-09-18,14.56
2020-09-21,14.7325
2020-09-22,15.5375
2020-09-23,14.09875
2020-09-24,14.305
2020-09-25,15.3075
2020-09-28,16.215
2020-09-29,16.045
2020-09-30,16.3625
2020-10-01,17.12875
2020-10-02,15.71625
2020-10-05,16.7075
2020-10-06,15.81
2020-10-07,16.64125
2020-10-08,16.88625
2020-10-09,17.6375
2020-10-12,19.2825
2020-10-13,19.285
2020-10-14,18.80875
2020-10-15,18.42
2020-10-16,18.1375
2020-10-19,17.23625
2020-10-20,17.3475
2020-10-21,17.3025
2020-10-22,17.31125
2020-10-23,17.4125
2020-10-26,16.61875
2020-10-27,17.01125
2020-10-28,15.015
2020-10-29,15.77875
2020-10-30,14.68125
2020-11-02,14.68625
2020-11-03,15.425
2020-11-04,17.51
2020-11-05,18.86125
2020-11-06,18.925
2020-11-09,17.77
2020-11-10,16.81125
2020-11-11,17.94125
2020-11-12,17.67875
2020-11-13,18.1425
2020-11-16,18.56
2020-11-17,18.38875
2020-11-18,17.9625
2020-11-19,18.4075
2020-11-20,18.033751
2020-11-23,18.0375
2020-11-24,18.775
2020-11-25,19.12875
2020-11-27,19.65125
2020-11-30,19.7525
2020-12-01,20.52875
2020-12-02,20.61125
2020-12-03,20.695
2020-12-04,20.94875
2020-12-07,21.30375
2020-12-08,21.49875
2020-12-09,20.05875
2020-12-10,20.305
2020-12-11,20.1625
2020-12-14,20.5925
2020-12-15,21.2325
2020-12-16,21.58875
2020-12-17,22.03125
2020-12-18,21.79125
2020-12-21,21.71
2020-12-22,21.88125
2020-12-23,21.55125
2020-12-24,21.83125
2020-12-28,22.48625
2020-12-29,22.5525
2020-12-30,22.54875
2020-12-31,22.725
2021-01-04,21.73125
2021-01-05,22.27625
2021-01-06,21.355
2021-01-07,22.8975
2021-01-08,23.785
2021-01-11,22.73375
2021-01-12,22.635
2021-01-13,23.075001
2021-01-14,22.72375
2021-01-15,22.17125
2021-01-19,23.1325
2021-01-20,24.745
2021-01-21,25.36
2021-01-22,25.13
2021-01-25,25.8275
2021-01-26,25.855
2021-01-27,23.77
2021-01-28,24.12
2021-01-29,22.6175
2021-02-01,24.28
2021-02-02,25.455
2021-02-03,25.1625
2021-02-04,26.0525
2021-02-05,26.325
2021-02-08,26.84
2021-02-09,26.8275
2021-02-10,26.6375
2021-02-11,27.067499
2021-02-12,27.5275
2021-02-16,27.2975
2021-02-17,26.9175
2021-02-18,26.555
2021-02-19,26.205
2021-02-22,24.175
2021-02-23,23.96
2021-02-24,24.5375
2021-02-25,21.975
2021-02-26,22.305
2021-03-01,24.25
2021-03-02,23.0875
2021-03-03,21.084999
2021-03-04,20.0425
2021-03-05,20.94
2021-03-08,19.15
2021-03-09,21.405
2021-03-10,21.2225
2021-03-11,22.695
2021-03-12,22.13
2021-03-15,22.8375
2021-03-16,23.2125
2021-03-17,23.505
2021-03-18,21.3475
2021-03-19,21.62
2021-03-22,22.7725
2021-03-23,22.475
2021-03-24,21.34
2021-03-25,21.225
2021-03-26,22.1625
2021-03-29,22.15
2021-03-30,21.835
2021-03-31,22.815
2021-04-01,23.975
2021-04-05,25.415
2021-04-06,25.355
2021-04-07,25.5425
2021-04-08,26.34
2021-04-09,26.8175
2021-04-12,26.7125
2021-04-13,27.6275
2021-04-14,26.6575
2021-04-15,27.835
2021-04-16,27.9525
2021-04-19,27.19
2021-04-20,26.595
2021-04-21,27.2675
2021-04-22,26.275
2021-04-23,27.265
2021-04-26,27.805
2021-04-27,27.44
2021-04-28,27.1575
2021-04-29,27.43
2021-04-30,26.915
2021-05-03,26.475
2021-05-04,25.08
2021-05-05,24.7875
2021-05-06,25.33
2021-05-07,25.95
2021-05-10,24.0
2021-05-11,23.88
2021-05-12,22.0625
2021-05-13,22.5275
2021-05-14,23.9925
2021-05-17,23.5875
2021-05-18,23.092501
2021-05-19,23.1775
2021-05-20,24.5175
2021-05-21,24.1125
2021-05-24,25.32
2021-05-25,25.4425
2021-05-26,25.7
2021-05-27,25.4
2021-05-28,25.6475
2021-06-01,25.3975
2021-06-02,25.53
2021-06-03,24.7275
2021-06-04,25.995
2021-06-07,26.225
2021-06-08,26.255
2021-06-09,26.285
2021-06-10,27.09
2021-06-11,27.305
2021-06-14,28.07
2021-06-15,27.55
2021-06-16,27.255
2021-06-17,28.2725
2021-06-18,27.5975
2021-06-21,28.1025
2021-06-22,28.8875
2021-06-23,28.9375
2021-06-24,29.47
2021-06-25,29.3775
2021-06-28,30.4175
2021-06-29,30.76
2021-06-30,30.625
2021-07-01,30.64
2021-07-02,31.68
2021-07-06,32.105
2021-07-07,32.31
2021-07-08,31.75
2021-07-09,32.2875
2021-07-12,32.6925
2021-07-13,32.675
2021-07-14,32.8525
2021-07-15,32.1725
2021-07-16,31.3825
2021-07-19,30.63
2021-07-20,31.64
2021-07-21,32.3625
2021-07-22,33.0425
2021-07-23,34.14
2021-07-26,34.2825
2021-07-27,33.1625
2021-07-28,33.525
2021-07-29,33.69
2021-07-30,33.185
2021-08-02,33.175
2021-08-03,33.7525
2021-08-04,33.92
2021-08-05,34.5575
2021-08-06,34.1075
2021-08-09,34.29
2021-08-10,33.7775
2021-08-11,33.595
2021-08-12,33.945
2021-08-13,34.285
2021-08-16,34.345
2021-08-17,33.4425
2021-08-18,32.47
2021-08-19,32.9325
2021-08-20,33.95
2021-08-23,35.4625
2021-08-24,35.8125
2021-08-25,35.8525
2021-08-26,35.245
2021-08-27,36.275
2021-08-30,37.4775
2021-08-31,37.3725
2021-09-01,37.5775
2021-09-02,37.525
2021-09-03,37.8625
2021-09-07,38.017502
2021-09-08,37.6275
2021-09-09,37.225
2021-09-10,36.3875
2021-09-13,36.305
2021-09-14,35.9925
2021-09-15,36.79
2021-09-16,36.8625
2021-09-17,35.56
2021-09-20,33.3725
2021-09-21,33.415
2021-09-22,34.3925
2021-09-23,35.3475
2021-09-24,35.4475
2021-09-27,34.5925
2021-09-28,31.7075
2021-09-29,31.4975
2021-09-30,31.1425
2021-10-01,31.71
2021-10-04,29.76
2021-10-05,30.905
2021-10-06,31.515
2021-10-07,32.3675
2021-10-08,31.87
2021-10-11,31.1625
2021-10-12,30.845
2021-10-13,31.5675
2021-10-14,33.31
2021-10-15,33.9275
2021-10-18,34.945
2021-10-19,35.7125
2021-10-20,35.6
2021-10-21,36.2375
2021-10-22,35.32
2021-10-25,36.38
2021-10-26,36.72
2021-10-27,37.0099983
2021-10-28,38.225
2021-10-29,38.79
2021-11-01,39.1725
2021-11-02,39.695
2021-11-03,40.955
2021-11-04,42.4825
2021-11-05,42.64
2021-11-08,42.465
2021-11-09,41.59
2021-11-10,39.7675
2021-11-11,40.09
2021-11-12,41.3625
2021-11-15,41.35
2021-11-16,42.205
2021-11-17,42.255
2021-11-18,43.5475
2021-11-19,44.285
2021-11-22,42.75
2021-11-23,42.1675
2021-11-24,42.5575
2021-11-26,40.21
2021-11-29,42.7075
2021-11-30,40.8725
2021-12-01,38.775
2021-12-02,39.505
2021-12-03,37.52
2021-12-06,38.3975
2021-12-07,41.86
2021-12-08,42.4425
2021-12-09,40.61
2021-12-10,41.8675
2021-12-13,40.067501
2021-12-14,38.875
2021-12-15,41.4475
2021-12-16,38.285
2021-12-17,37.7
2021-12-20,36.5725
2021-12-21,39.017502
2021-12-22,40.41
2021-12-23,41.37
2021-12-27,43.3475
2021-12-28,42.8375
2021-12-29,42.77
2021-12-30,42.37
2021-12-31,41.5825
2022-01-03,42.7825
2022-01-04,41.12
2022-01-05,37.3375
2022-01-06,37.235
2022-01-07,36.017502
2022-01-10,36.15
2022-01-11,37.74
2022-01-12,38.17
2022-01-13,35.4
2022-01-14,35.935
2022-01-18,33.345
2022-01-19,32.185
2022-01-20,30.94
2022-01-21,28.335
2022-01-24,28.745
2022-01-25,26.625
2022-01-26,26.575
2022-01-27,25.78
2022-01-28,28.185
2022-01-31,30.915
2022-02-01,31.505
2022-02-02,32.25
2022-02-03,28.37
2022-02-04,29.35
2022-02-07,28.685
2022-02-08,29.66
2022-02-09,31.5
2022-02-10,29.41
2022-02-11,26.64
2022-02-14,26.715
2022-02-15,28.65
2022-02-16,28.645
2022-02-17,26.105
2022-02-18,25.22
2022-02-22,24.44
2022-02-23,22.57
2022-02-24,24.78
2022-02-25,25.955
2022-02-28,26.23
2022-03-01,25.02
2022-03-02,26.215
2022-03-03,25.12
2022-03-04,24.045
2022-03-07,21.36
2022-03-08,21.065001
2022-03-09,23.32
2022-03-10,22.57
2022-03-11,21.17
2022-03-14,19.93
2022-03-15,21.775
2022-03-16,24.22
2022-03-17,25.030001
2022-03-18,26.585
2022-03-21,26.395
2022-03-22,27.955
2022-03-23,26.775
2022-03-24,28.51
2022-03-25,28.465
2022-03-28,29.76
2022-03-29,31.285
2022-03-30,30.345
2022-03-31,29.09
2022-04-01,28.965
2022-04-04,30.775
2022-04-05,28.74
2022-04-06,26.85
2022-04-07,27.025
2022-04-08,25.92
2022-04-11,24.08
2022-04-12,23.77
2022-04-13,25.195
2022-04-14,23.5
2022-04-18,23.565
2022-04-19,25.08
2022-04-20,23.95
2022-04-21,22.545
2022-04-22,20.755
2022-04-25,21.525
2022-04-26,19.105
2022-04-27,19.02
2022-04-28,21.030001
2022-04-29,18.265
2022-05-02,19.125
2022-05-03,19.17
2022-05-04,21.07
2022-05-05,17.93
2022-05-06,17.305
2022-05-09,15.26
2022-05-10,15.785
2022-05-11,14.38
2022-05-12,14.265
2022-05-13,15.815
2022-05-16,15.325
2022-05-17,16.48
2022-05-18,14.075
2022-05-19,13.79
2022-05-20,13.67
2022-05-23,14.345
2022-05-24,13.45
2022-05-25,13.99
2022-05-26,15.16
2022-05-27,16.645
2022-05-31,16.525
2022-06-01,16.14
2022-06-02,17.45
2022-06-03,16.07
2022-06-06,16.27
2022-06-07,16.665
2022-06-08,16.325
2022-06-09,14.995
2022-06-10,13.395
2022-06-13,11.54
2022-06-14,11.615
2022-06-15,12.45
2022-06-16,10.93
2022-06-17,11.335
2022-06-21,12.19
2022-06-22,12.145
2022-06-23,12.665
2022-06-24,13.99
2022-06-27,13.66
2022-06-28,12.415
2022-06-29,12.44
2022-06-30,12.0
2022-07-01,12.195
2022-07-05,12.825
2022-07-06,13.07
2022-07-07,13.88
2022-07-08,13.945
2022-07-11,13.055
2022-07-12,12.675
2022-07-13,12.595
2022-07-14,12.725
2022-07-15,13.395
2022-07-18,13.085
2022-07-19,14.23
2022-07-20,14.945
2022-07-21,15.58
2022-07-22,14.765
2022-07-25,14.545
2022-07-26,13.665
2022-07-27,15.37
2022-07-28,15.81
2022-07-29,16.68
2022-08-01,16.655
2022-08-02,16.5
2022-08-03,17.82
2022-08-04,18.075001
2022-08-05,17.645
2022-08-08,17.465
2022-08-09,16.865
2022-08-10,18.25
2022-08-11,17.975
2022-08-12,18.99
2022-08-15,19.445
2022-08-16,19.32
2022-08-17,18.65
2022-08-18,18.775
2022-08-19,17.675
2022-08-22,16.285
2022-08-23,16.23
2022-08-24,16.355
2022-08-25,17.215
2022-08-26,15.12
2022-08-29,14.655
2022-08-30,14.165
2022-08-31,13.905
2022-09-01,13.92
2022-09-02,13.34
2022-09-06,13.035
2022-09-07,13.805
2022-09-08,14.03
2022-09-09,14.92
2022-09-12,15.465
2022-09-13,12.92
2022-09-14,13.21
2022-09-15,12.545
2022-09-16,12.3
2022-09-19,12.595
2022-09-20,12.295
2022-09-21,11.62
2022-09-22,11.19
2022-09-23,10.655
2022-09-26,10.51
2022-09-27,10.52
2022-09-28,11.135
2022-09-29,10.195
2022-09-30,9.66
2022-10-03,10.33
2022-10-04,11.29
2022-10-05,11.29
2022-10-06,11.0050001
2022-10-07,9.75
2022-10-10,9.445
2022-10-11,9.07
2022-10-12,9.05
2022-10-13,9.655
2022-10-14,8.785
2022-10-17,9.65
2022-10-18,9.89
2022-10-19,9.77
2022-10-20,9.605
2022-10-21,10.285
2022-10-24,10.635
2022-10-25,11.275
2022-10-26,10.53
2022-10-27,9.95
2022-10-28,10.85
2022-10-31,10.475
2022-11-01,10.15
2022-11-02,9.1
2022-11-03,8.575
2022-11-04,8.975
2022-11-07,9.26
2022-11-08,9.46
2022-11-09,8.8
2022-11-10,10.725
2022-11-11,11.335
2022-11-14,11.035
2022-11-15,11.48
2022-11-16,11.015
2022-11-17,10.93
2022-11-18,10.92
2022-11-21,10.59
2022-11-22,11.035
2022-11-23,11.365
2022-11-25,11.13
2022-11-28,10.64
2022-11-29,10.385
2022-11-30,11.78
2022-12-01,11.845
2022-12-02,11.705
2022-12-05,11.115
2022-12-06,10.41
2022-12-07,10.285
2022-12-08,10.65
2022-12-09,10.445
2022-12-12,10.825
2022-12-13,11.165
2022-12-14,10.9
2022-12-15,9.82
2022-12-16,9.53
2022-12-19,9.135
2022-12-20,9.095
2022-12-21,9.49
2022-12-22,8.77
2022-12-23,8.795
2022-12-27,8.42
2022-12-28,8.08
2022-12-29,8.65
2022-12-30,8.65
2023-01-03,8.455
2023-01-04,8.585
2023-01-05,8.18
2023-01-06,8.82
2023-01-09,9.0050001
2023-01-10,9.245
2023-01-11,9.705
2023-01-12,9.855
2023-01-13,10.05
2023-01-17,10.105
2023-01-18,9.73
2023-01-19,9.425
2023-01-20,10.195
2023-01-23,10.865
2023-01-24,10.8
2023-01-25,10.72
2023-01-26,11.34
2023-01-27,11.665
2023-01-30,10.965
2023-01-31,11.455
2023-02-01,12.195
2023-02-02,13.455
2023-02-03,12.76
2023-02-06,12.435
2023-02-07,13.205
2023-02-08,12.495
2023-02-09,12.16
2023-02-10,11.91
2023-02-13,12.475
2023-02-14,12.745
2023-02-15,13.03
2023-02-16,12.285
2023-02-17,12.02
2023-02-21,11.175
2023-02-22,11.185
2023-02-23,11.465
2023-02-24,10.885
2023-02-27,11.12
2023-02-28,11.065
2023-03-01,10.795
2023-03-02,11.055
2023-03-03,11.73
2023-03-06,11.78
2023-03-07,11.34
2023-03-08,11.495
2023-03-09,10.89
2023-03-10,10.44
2023-03-13,10.665
2023-03-14,11.39
2023-03-15,11.555
2023-03-16,12.47
2023-03-17,12.285
2023-03-20,12.415
2023-03-21,12.94
2023-03-22,12.34
2023-03-23,12.78
2023-03-24,12.91
2023-03-27,12.645
2023-03-28,12.435
2023-03-29,13.115
2023-03-30,13.47
2023-03-31,14.13
2023-04-03,14.03
2023-04-04,13.89
2023-04-05,13.445
2023-04-06,13.715
2023-04-10,13.685
2023-04-11,13.42
2023-04-12,13.065
2023-04-13,13.815
2023-04-14,13.735
2023-04-17,13.75
2023-04-18,13.76
2023-04-19,13.73
2023-04-20,13.41
2023-04-21,13.435
2023-04-24,13.355
2023-04-25,12.6
2023-04-26,12.81
2023-04-27,13.845
2023-04-28,14.125
2023-05-01,14.085
2023-05-02,13.71
2023-05-03,13.44
2023-05-04,13.29
2023-05-05,14.105
2023-05-08,14.22
2023-05-09,13.945
2023-05-10,14.395
2023-05-11,14.515
2023-05-12,14.365
2023-05-15,14.585
2023-05-16,14.64
2023-05-17,15.165
2023-05-18,15.98
2023-05-19,15.87
2023-05-22,16.035
2023-05-23,15.415
2023-05-24,15.165
2023-05-25,16.26
2023-05-26,17.49
2023-05-30,17.735
2023-05-31,17.375
2023-06-01,18.0049992
2023-06-02,18.41
2023-06-05,18.45
2023-06-06,18.43
2023-06-07,17.49
2023-06-08,18.09
2023-06-09,18.31
2023-06-12,19.245
2023-06-13,19.675
2023-06-14,20.094999
2023-06-15,20.8
2023-06-16,20.4
2023-06-20,20.3
2023-06-21,19.425
2023-06-22,20.07
2023-06-23,19.475
2023-06-26,18.705
2023-06-27,19.63
2023-06-28,19.75
2023-06-29,19.615
2023-06-30,20.5
2023-07-03,20.64
2023-07-05,20.625
2023-07-06,20.14
2023-07-07,19.935
2023-07-10,19.95
2023-07-11,20.235
2023-07-12,20.985
2023-07-13,22.030001
2023-07-14,22.01
2023-07-17,22.62
2023-07-18,23.16
2023-07-19,23.16
2023-07-20,21.535
2023-07-21,21.345
2023-07-24,21.43
2023-07-25,21.86
2023-07-26,21.635
2023-07-27,21.45
2023-07-28,22.61
2023-07-31,22.655
2023-08-01,22.48
2023-08-02,21.01
2023-08-03,20.86
2023-08-04,20.57
2023-08-07,21.08
2023-08-08,20.54
2023-08-09,19.855
2023-08-10,19.945
2023-08-11,19.545
2023-08-14,20.195
2023-08-15,19.575
2023-08-16,18.925
2023-08-17,18.285
2023-08-18,18.2
2023-08-21,19.08
2023-08-22,18.995
2023-08-23,19.89
2023-08-24,18.58
2023-08-25,19.02
2023-08-28,19.445
2023-08-29,20.685
2023-08-30,21.030001
2023-08-31,21.22
2023-09-01,21.145
2023-09-05,21.2
2023-09-06,20.64
2023-09-07,20.19
2023-09-08,20.25
2023-09-11,20.94
2023-09-12,20.27
2023-09-13,20.47
2023-09-14,20.95
2023-09-15,19.875
2023-09-18,19.92
2023-09-19,19.8
2023-09-20,18.875
2023-09-21,17.8
2023-09-22,17.815
2023-09-25,18.049999
2023-09-26,17.245
2023-09-27,17.35
2023-09-28,17.77
2023-09-29,17.81
2023-10-02,18.235
2023-10-03,17.27
2023-10-04,17.97
2023-10-05,17.78
2023-10-06,18.675
2023-10-09,18.95
2023-10-10,19.26
2023-10-11,19.67
2023-10-12,19.44
2023-10-13,18.705
2023-10-16,19.335
2023-10-17,19.15
2023-10-18,18.34
2023-10-19,17.85
2023-10-20,17.045
2023-10-23,17.195
2023-10-24,17.68
2023-10-25,16.385
2023-10-26,15.43
2023-10-27,15.65
2023-10-30,16.155
2023-10-31,16.39
2023-11-01,17.235
2023-11-02,18.15
2023-11-03,18.79
2023-11-06,19.0049992
2023-11-07,19.54
2023-11-08,19.575
2023-11-09,19.11
2023-11-10,20.385
2023-11-13,20.2
2023-11-14,21.47
2023-11-15,21.53
2023-11-16,21.565
2023-11-17,21.58
2023-11-20,22.35
2023-11-21,21.945
2023-11-22,22.2
2023-11-24,22.09
2023-11-27,22.025
2023-11-28,22.2
2023-11-29,22.12
2023-11-30,21.935
2023-12-01,22.12
2023-12-04,21.49
2023-12-05,21.645
2023-12-06,21.26
2023-12-07,22.15
2023-12-08,22.415
2023-12-11,22.985
2023-12-12,23.54
2023-12-13,24.37
2023-12-14,24.33
2023-12-15,24.62
2023-12-18,25.135
2023-12-19,25.51
2023-12-20,24.27
2023-12-21,25.075001
2023-12-22,25.175
2023-12-26,25.635
2023-12-27,25.77
2023-12-28,25.705
2023-12-29,25.35
2024-01-02,24.065001
2024-01-03,23.295
2024-01-04,22.905
2024-01-05,22.99
2024-01-08,24.375
2024-01-09,24.535
2024-01-10,25.02
2024-01-11,25.14
2024-01-12,25.17
2024-01-16,25.155
2024-01-17,24.72
2024-01-18,25.78
2024-01-19,27.27
2024-01-22,27.38
2024-01-23,27.705
2024-01-24,28.16
2024-01-25,28.24
2024-01-26,27.72
2024-01-29,28.535
2024-01-30,27.965
2024-01-31,26.32
2024-02-01,27.25
2024-02-02,28.62
2024-02-05,28.475
2024-02-06,28.31
2024-02-07,29.155
2024-02-08,29.275
2024-02-09,30.135
2024-02-12,29.78
2024-02-13,28.37
2024-02-14,29.27
2024-02-15,29.515
2024-02-16,28.705
2024-02-20,28.040001
2024-02-21,27.69
2024-02-22,30.084999
2024-02-23,29.81
2024-02-26,29.77
2024-02-27,29.955
2024-02-28,29.47
2024-02-29,30.18
2024-03-01,31.565
2024-03-04,31.19
2024-03-05,29.52
2024-03-06,30.065001
2024-03-07,31.405
2024-03-08,30.030001
2024-03-11,29.68
2024-03-12,30.94
2024-03-13,30.22
2024-03-14,29.975
2024-03-15,28.88
2024-03-18,29.695
2024-03-19,29.9
2024-03-20,30.85
2024-03-21,31.25
2024-03-22,31.315
2024-03-25,30.995
2024-03-26,30.705
2024-03-27,30.975
2024-03-28,30.78
2024-04-01,30.97
2024-04-02,30.14
2024-04-03,30.34
2024-04-04,28.91
2024-04-05,29.93
2024-04-08,29.95
2024-04-09,30.26
2024-04-10,29.465
2024-04-11,30.85
2024-04-12,29.36
2024-04-15,27.885
2024-04-16,27.89
2024-04-17,26.855
2024-04-18,26.375
2024-04-19,24.74
2024-04-22,25.46
2024-04-23,26.595
2024-04-24,26.855
2024-04-25,26.425
2024-04-26,27.64
2024-04-29,27.97
2024-04-30,26.37
2024-05-01,25.8
2024-05-02,26.755
2024-05-03,28.35
2024-05-06,29.28
2024-05-07,29.28
2024-05-08,29.225
2024-05-09,29.385
2024-05-10,29.585
2024-05-13,29.78
2024-05-14,30.335
2024-05-15,31.735
2024-05-16,31.54
2024-05-17,31.47
2024-05-20,32.12
2024-05-21,32.285
2024-05-22,32.265
2024-05-23,31.785
2024-05-24,32.675
2024-05-28,33.029999
2024-05-29,32.34
2024-05-30,31.3
2024-05-31,31.265
2024-06-03,31.57
2024-06-04,31.805
2024-06-05,33.725
2024-06-06,33.685
2024-06-07,33.56
2024-06-10,33.915
2024-06-11,34.615
2024-06-12,35.98
2024-06-13,36.555
2024-06-14,37.084999
2024-06-17,38.43
2024-06-18,38.45
2024-06-20,37.545
2024-06-21,37.2
2024-06-24,35.94
2024-06-25,37.14
2024-06-26,37.23
2024-06-27,37.5
2024-06-28,36.91
2024-07-01,37.515
2024-07-02,38.665
2024-07-03,39.615
2024-07-05,40.815
2024-07-08,41.084999
2024-07-09,41.175
2024-07-10,42.465
2024-07-11,39.675
2024-07-12,40.32
2024-07-15,40.62
2024-07-16,40.65
2024-07-17,37.075001
2024-07-18,36.52
2024-07-19,35.53
2024-07-22,37.080002
2024-07-23,36.68
2024-07-24,32.725
2024-07-25,31.635
2024-07-26,32.54
2024-07-29,32.73
2024-07-30,31.395
2024-07-31,34.14
2024-08-01,31.68
2024-08-02,29.37
2024-08-05,26.81
2024-08-06,27.48
2024-08-07,26.595
2024-08-08,29.030001
2024-08-09,29.425
2024-08-12,29.625
2024-08-13,31.78
2024-08-14,31.835
2024-08-15,34.23
2024-08-16,34.32
2024-08-19,35.65
2024-08-20,35.43
2024-08-21,35.915
2024-08-22,34.19
2024-08-23,35.265
2024-08-26,34.23
2024-08-27,34.52
2024-08-28,33.35
2024-08-29,33.175
2024-08-30,34.305
2024-09-03,31.175
2024-09-04,30.91
2024-09-05,31.01
2024-09-06,28.495
2024-09-09,29.555
2024-09-10,30.35
2024-09-11,32.285
2024-09-12,33.24
2024-09-13,33.675
2024-09-16,33.225
2024-09-17,33.245
2024-09-18,32.81
2024-09-19,35.29
2024-09-20,35.064999
2024-09-23,35.325
2024-09-24,35.825
2024-09-25,35.835
2024-09-26,36.595
2024-09-27,35.965
2024-09-30,36.245
2024-10-01,34.71
2024-10-02,34.84
2024-10-03,34.76
2024-10-04,35.985
2024-10-07,34.8
2024-10-08,36.31
2024-10-09,37.185
2024-10-10,37.055
2024-10-11,37.15
2024-10-14,38.099998
2024-10-15,36.58
2024-10-16,36.56
2024-10-17,36.67
2024-10-18,37.32
2024-10-21,37.525
2024-10-22,37.635
2024-10-23,35.895
2024-10-24,36.75
2024-10-25,37.37
2024-10-28,37.405
2024-10-29,38.44
2024-10-30,37.585
2024-10-31,34.725
2024-11-01,35.465
2024-11-04,35.135
2024-11-05,36.47
2024-11-06,39.43
2024-11-07,41.275
2024-11-08,41.375
2024-11-11,41.3
2024-11-12,41.075001
2024-11-13,40.895
2024-11-14,40.029999
2024-11-15,37.135
2024-11-18,37.885
2024-11-19,38.645
2024-11-20,38.6
2024-11-21,38.98
2024-11-22,39.125
2024-11-25,39.305
2024-11-26,39.915
2024-11-27,38.95
2024-11-29,39.945
2024-12-02,41.24
2024-12-03,41.605
2024-12-04,43.125
2024-12-05,42.77
2024-12-06,43.87
2024-12-09,42.845
2024-12-10,42.38
2024-12-11,44.645
2024-12-12,43.76
2024-12-13,44.7
2024-12-16,46.645
2024-12-17,46.02
2024-12-18,41.044998
2024-12-19,40.465
2024-12-20,41.515
2024-12-23,42.53
2024-12-24,44.22
2024-12-26,44.125
2024-12-27,42.33
2024-12-30,40.63
2024-12-31,39.565
2025-01-02,39.315
2025-01-03,41.2
2025-01-06,42.605
2025-01-07,40.31
2025-01-08,40.34
2025-01-10,38.415
2025-01-13,38.014999
2025-01-14,37.88
2025-01-15,40.44
2025-01-16,39.615
2025-01-17,41.57
2025-01-21,42.26
2025-01-22,43.9
2025-01-23,44.17
2025-01-24,43.375
2025-01-27,39.57
2025-01-28,41.325
2025-01-29,41.07
2025-01-30,41.585
2025-01-31,41.36
2025-02-03,40.36
2025-02-04,41.825
2025-02-05,42.37
2025-02-06,43.0050011
2025-02-07,41.365
2025-02-10,42.82
2025-02-11,42.515
2025-02-12,42.6
2025-02-13,44.395
2025-02-14,44.915
2025-02-18,45.195
2025-02-19,45.2
2025-02-20,44.65
2025-02-21,41.855
2025-02-24,40.35
2025-02-25,38.81
2025-02-26,39.060001
2025-02-27,35.82
2025-02-28,37.46
2025-03-03,35.040001
2025-03-04,34.655
2025-03-05,36.0050011
2025-03-06,33.02
2025-03-07,33.705
2025-03-10,29.905
2025-03-11,29.555
2025-03-12,30.565
2025-03-13,28.895
2025-03-14,30.945
2025-03-17,31.545
2025-03-18,29.955
2025-03-19,31.12
2025-03-20,30.8
2025-03-21,31.09
2025-03-24,33.064999
2025-03-25,33.655
2025-03-26,31.69
2025-03-27,31.15
2025-03-28,28.67
2025-03-31,28.65
2025-04-01,29.31
2025-04-02,29.965
2025-04-03,25.15
2025-04-04,20.545
2025-04-07,20.625
2025-04-08,19.45
2025-04-09,26.305
2025-04-10,23.07
2025-04-11,24.29
2025-04-14,24.8
2025-04-15,24.895
2025-04-16,22.645
2025-04-17,22.58
2025-04-21,20.93
2025-04-22,22.53
2025-04-23,24.025
2025-04-24,26.07
2025-04-25,26.93
2025-04-28,26.91
2025-04-29,27.435
2025-04-30,27.44
2025-05-01,28.385
2025-05-02,29.715
2025-05-05,29.2
2025-05-06,28.37
2025-05-07,28.7
2025-05-08,29.555
2025-05-09,29.485
2025-05-12,33.055
2025-05-13,34.57
2025-05-14,35.18
2025-05-15,35.29
2025-05-16,35.725
2025-05-19,35.82
2025-05-20,35.445
2025-05-21,33.97
2025-05-22,34.145
2025-05-23,33.16
2025-05-27,35.47
2025-05-28,35.014999
2025-05-29,35.185
2025-05-30,35.0
2025-06-02,35.805
2025-06-03,36.64
2025-06-04,36.935
2025-06-05,36.075001
2025-06-06,37.105
2025-06-09,37.27
2025-06-10,37.99
2025-06-11,37.6
2025-06-12,37.845
2025-06-13,36.415
2025-06-16,37.9
2025-06-17,36.78
2025-06-18,36.73
2025-06-20,36.225
2025-06-23,37.35
2025-06-24,39.049999
2025-06-25,39.24
2025-06-26,40.315
2025-06-27,40.71
2025-06-30,41.5
2025-07-01,40.445
2025-07-02,41.25
2025-07-03,42.405
2025-07-07,41.46
2025-07-08,41.515
2025-07-09,42.375
2025-07-10,42.18
2025-07-11,41.86
2025-07-14,42.305
2025-07-15,42.415
2025-07-16,42.535
2025-07-17,43.525
2025-07-18,43.375
2025-07-21,44.035
2025-07-22,43.35
2025-07-23,43.92
2025-07-24,44.21
2025-07-25,44.46
2025-07-28,44.895
2025-07-29,44.69
2025-07-30,44.845
2025-07-31,44.105
2025-08-01,41.46
2025-08-04,43.73
2025-08-05,42.82
2025-08-06,44.42
2025-08-07,44.87
2025-08-08,46.080002
2025-08-11,45.675
2025-08-12,47.36
2025-08-13,47.43
2025-08-14,47.3
2025-08-15,46.63
2025-08-18,46.57
2025-08-19,44.67
2025-08-20,43.855
2025-08-21,43.245
2025-08-22,45.19
2025-08-25,44.795
2025-08-26,45.315
2025-08-27,45.52
2025-08-28,46.35
2025-08-29,44.68
2025-09-02,43.54
2025-09-03,44.555
2025-09-04,45.76
2025-09-05,45.91
2025-09-08,46.565
2025-09-09,46.945
2025-09-10,46.995
2025-09-11,47.785
2025-09-12,48.38
2025-09-15,49.615
2025-09-16,49.48
2025-09-17,49.165
2025-09-18,50.49
2025-09-19,51.49
2025-09-22,52.36
2025-09-23,51.305
2025-09-24,50.705
2025-09-25,50.025002
2025-09-26,50.625
2025-09-29,51.3
2025-09-30,51.7
2025-10-01,52.43
2025-10-02,53.07
2025-10-03,52.35
2025-10-06,53.52
2025-10-07,52.655
2025-10-08,54.44
2025-10-09,54.225
2025-10-10,48.535
2025-10-13,51.615
2025-10-14,50.565
2025-10-15,51.6
2025-10-16,51.025002
2025-10-17,51.995
2025-10-20,53.945
2025-10-21,53.885
2025-10-22,52.3
2025-10-23,53.61
2025-10-24,55.28
2025-10-27,58.215
2025-10-28,59.545
2025-10-29,60.305
2025-10-30,57.545
2025-10-31,58.36
2025-11-03,59.16
2025-11-04,55.54
2025-11-05,56.62
2025-11-06,53.445
2025-11-07,52.89
2025-11-10,56.355
2025-11-11,55.89
2025-11-12,55.775
2025-11-13,52.33
2025-11-14,52.37
2025-11-17,51.025002
2025-11-18,49.18
2025-11-19,50.025002
2025-11-20,46.45
2025-11-21,47.48
2025-11-24,51.080002
2025-11-25,52.0099983
2025-11-26,53.37
2025-11-28,54.54
2025-12-01,54.049999
2025-12-02,55.3
2025-12-03,55.69
2025-12-04,55.51
2025-12-05,56.15
2025-12-08,55.8
2025-12-09,56.0099983
2025-12-10,56.65
2025-12-11,56.11
2025-12-12,52.82
2025-12-15,52.02
2025-12-16,52.33
2025-12-17,49.4
2025-12-18,51.51
2025-12-19,53.52
2025-12-22,54.25
2025-12-23,55.0099983
2025-12-24,55.36
2025-12-26,55.31
2025-12-29,54.49
2025-12-30,54.099998
2025-12-31,52.72
2026-01-02,52.35
2026-01-05,53.6
2026-01-06,55.0099983
2026-01-07,55.17
2026-01-08,54.19
2026-01-09,55.76
2026-01-12,55.89
2026-01-13,55.6
2026-01-14,53.83
2026-01-15,54.38
2026-01-16,54.14
2026-01-20,50.73
2026-01-21,52.73
2026-01-22,53.9
2026-01-23,54.38
2026-01-26,55.080002
2026-01-27,56.54
2026-01-28,57.060001
2026-01-29,56.040001
2026-01-30,54.0
2026-02-02,55.099998
2026-02-03,52.52
2026-02-04,49.76
2026-02-05,47.64
2026-02-06,50.59
2026-02-09,51.74
2026-02-10,51.02
2026-02-11,51.4
2026-02-12,48.26
2026-02-13,48.47
2026-02-17,48.35
2026-02-18,49.39
2026-02-19,48.83
2026-02-20,50.060001
2026-02-23,48.24
2026-02-24,49.78
2026-02-25,51.87
2026-02-26,50.049999
2026-02-27,49.52
2026-03-02,49.7
2026-03-03,48.099998
2026-03-04,50.26
2026-03-05,49.8
2026-03-06,47.54
2026-03-09,49.39
2026-03-10,49.4
2026-03-11,49.35
2026-03-12,46.83
2026-03-13,45.93
2026-03-16,47.46
2026-03-17,48.16
2026-03-18,46.099998
2026-03-19,45.69
2026-03-20,43.080002
2026-03-23,44.57
2026-03-24,43.62
2026-03-25,44.39
2026-03-26,41.23
2026-03-27,38.78
2026-03-30,37.89
2026-03-31,41.68
2026-04-01,43.23
2026-04-02,43.33
2026-04-06,44.099998
2026-04-07,44.15
2026-04-08,48.0
2026-04-09,48.96
2026-04-10,49.17
2026-04-13,50.66
2026-04-14,53.41
2026-04-15,55.65
2026-04-16,56.43
2026-04-17,58.59
2026-04-20,58.080002
2026-04-21,57.4
2026-04-22,60.21
2026-04-23,59.22
2026-04-24,62.56
2026-04-27,62.64
2026-04-28,60.74
2026-04-29,61.86
2026-04-30,63.54
2026-05-01,65.3
2026-05-04,64.91
2026-05-05,67.39
2026-05-06,71.57
2026-05-07,71.34
2026-05-08,76.28
2026-05-11,76.96
2026-05-12,74.96
2026-05-13,77.24
2026-05-14,78.95
2026-05-15,75.34
2026-05-18,74.32
2026-05-19,72.93
2026-05-20,76.51
2026-05-21,76.95
2026-05-22,77.84
2026-05-26,81.95
2026-05-27,81.67
2026-05-28,83.68
2026-05-29,84.56
2026-06-01,86.040001
2026-06-02,87.22
2026-06-03,86.56
2026-06-04,85.22
2026-06-05,73.050003
2026-06-08,76.27
2026-06-09,73.72
2026-06-10,69.27
2026-06-11,76.010002
2026-06-12,77.52
2026-06-15,84.59
2026-06-16,79.93
2026-06-17,77.54
2026-06-18,82.87
2026-06-22,82.58
2026-06-23,74.44
2026-06-24,73.3
2026-06-25,74.95
2026-06-26,71.83
2026-06-29,77.19
2026-06-30,81.0
2026-07-01,77.46
2026-07-02,73.35
2026-07-06,76.42
2026-07-07,72.23
2026-07-08,72.72
2026-07-09,76.34
2026-07-10,77.029999
2026-07-13,72.64
2026-07-14,75.019997
2026-07-15,74.44
2026-07-16,70.74
2026-07-17,67.53
2026-07-20,67.65
2026-07-21,71.37
2026-07-22,70.28
2026-07-23,66.3
2026-07-24,64.0
2026-07-27,63.4
2026-07-28,61.56
2026-07-29,57.75
2026-07-30,63.3
2026-07-31,64.62
2026-08-03,67.96
2026-08-04,74.82
2026-08-05,72.84
2026-08-06,72.029999
2026-08-07,74.47
2026-08-10,73.8
2026-08-11,73.059998
2026-08-12,74.6
2026-08-13,77.15
2026-08-14,76.79
2026-08-17,76.4
2026-08-18,72.53
2026-08-19,72.059998
2026-08-20,70.48
2026-08-21,71.17
2026-08-24,69.010002
2026-08-25,70.27
2026-08-26,70.47
2026-08-27,73.3
2026-08-28,71.85
2026-08-31,71.92
2026-09-01,69.15
2026-09-02,69.6
2026-09-03,72.029999
2026-09-04,72.37
2026-09-08,72.16
2026-09-09,71.55
2026-09-10,69.21
2026-09-11,70.98
